symbol,name,sector,status,observations,median_daily_turnover
THYAO.IS,TÜRK HAVA YOLLARI A.O.,Other,PASS,1502,6794562810.152771
YKBNK.IS,YAPI VE KREDİ BANKASI A.Ş.,Other,PASS,1502,3019602030.4686966
EREGL.IS,EREĞLİ DEMİR VE ÇELİK FABRİKALARI T.A.Ş.,Other,PASS,1503,2978776658.2536583
AKBNK.IS,AKBANK T.A.Ş.,Other,PASS,1502,2907639825.006771
ISCTR.IS,TÜRKİYE İŞ BANKASI A.Ş.,Other,PASS,1502,2906439912.585906
ASELS.IS,ASELSAN ELEKTRONİK SANAYİ VE TİCARET A.Ş.,Other,PASS,1502,2170539202.5536327
GARAN.IS,TÜRKİYE GARANTİ BANKASI A.Ş.,Other,PASS,1502,1964881105.719818
TUPRS.IS,TÜPRAŞ-TÜRKİYE PETROL RAFİNERİLERİ A.Ş.,Other,PASS,1502,1901211166.2163315
KCHOL.IS,KOÇ HOLDİNG A.Ş.,Other,PASS,1502,1900530680.3644483
ASTOR.IS,ASTOR ENERJİ A.Ş.,Other,PASS,889,1784959628.8243637
EKGYO.IS,EMLAK KONUT GAYRİMENKUL YATIRIM ORTAKLIĞI A.Ş.,Other,PASS,1502,1746860168.1255274
SISE.IS,TÜRKİYE ŞİŞE VE CAM FABRİKALARI A.Ş.,Other,PASS,1502,1485458858.8346162
SAHOL.IS,HACI ÖMER SABANCI HOLDİNG A.Ş.,Other,PASS,1502,1467379997.5193253
TCELL.IS,TURKCELL İLETİŞİM HİZMETLERİ A.Ş.,Other,PASS,1502,1389821595.3528175
KRDMD.IS,KARDEMİR KARABÜK DEMİR ÇELİK SANAYİ VE TİCARET A.Ş.,Other,PASS,1502,1338132838.8233707
PGSUS.IS,PEGASUS HAVA TAŞIMACILIĞI A.Ş.,Other,PASS,1503,1321144469.3834229
SASA.IS,SASA POLYESTER SANAYİ A.Ş.,Other,PASS,1503,1234343189.9252954
PETKM.IS,PETKİM PETROKİMYA HOLDİNG A.Ş.,Other,PASS,1502,1157394392.7397127
BIMAS.IS,BİM BİRLEŞİK MAĞAZALAR A.Ş.,Other,PASS,1505,1126845363.9646606
TTKOM.IS,TÜRK TELEKOMÜNİKASYON A.Ş.,Other,PASS,1502,786895330.065175
FROTO.IS,FORD OTOMOTİV SANAYİ A.Ş.,Other,PASS,1503,778066597.0367432
GUBRF.IS,GÜBRE FABRİKALARI T.A.Ş.,Other,PASS,1502,776492976.75
TOASO.IS,TOFAŞ TÜRK OTOMOBİL FABRİKASI A.Ş.,Other,PASS,1502,734827577.2464066
HALKB.IS,TÜRKİYE HALK BANKASI A.Ş.,Other,PASS,1502,710255791.952465
KTLEV.IS,KATILIMEVİM TASARRUF FİNANSMAN A.Ş.,Other,PASS,600,652838268.1566802
VAKBN.IS,TÜRKİYE VAKIFLAR BANKASI T.A.O.,Other,PASS,1502,617565641.646833
ENKAI.IS,ENKA İNŞAAT VE SANAYİ A.Ş.,Other,PASS,1502,562384881.319397
HEKTS.IS,HEKTAŞ TİCARET T.A.Ş.,Other,PASS,1502,499550083.56946754
TAVHL.IS,TAV HAVALİMANLARI HOLDİNG A.Ş.,Other,PASS,1502,464006404.74658966
MGROS.IS,MİGROS TİCARET A.Ş.,Other,PASS,1502,455466260.121994
KONTR.IS,KONTROLMATİK TEKNOLOJİ ENERJİ VE MÜHENDİSLİK A.Ş.,Other,PASS,1456,422373941.6330714
MIATK.IS,MİA TEKNOLOJİ A.Ş.,Other,PASS,1183,414963900.72184753
ODAS.IS,ODAŞ ELEKTRİK ÜRETİM SANAYİ TİCARET A.Ş.,Other,PASS,1502,398913890.1027198
CWENE.IS,CW ENERJİ MÜHENDİSLİK TİCARET VE SANAYİ A.Ş.,Other,PASS,816,377943012.6587219
EUPWR.IS,EUROPOWER ENERJİ VE OTOMASYON TEKNOLOJİLERİ SANAYİ TİCARET A.Ş.,Other,PASS,828,364385490.28300095
ALARK.IS,ALARKO HOLDİNG A.Ş.,Other,PASS,1502,364200140.4713268
ULKER.IS,ÜLKER BİSKÜVİ SANAYİ A.Ş.,Other,PASS,1502,355339407.20131683
DOHOL.IS,DOĞAN ŞİRKETLER GRUBU HOLDİNG A.Ş.,Other,PASS,1502,350376743.1349082
CVKMD.IS,CVK MADEN İŞLETMELERİ SANAYİ VE TİCARET A.Ş.,Other,PASS,834,347443564.3231087
REEDR.IS,REEDER TEKNOLOJİ SANAYİ VE TİCARET A.Ş.,Other,PASS,595,335145559.6023102
OYAKC.IS,OYAK ÇİMENTO FABRİKALARI A.Ş.,Other,PASS,1503,317543849.9808426
ARCLK.IS,ARÇELİK A.Ş.,Other,PASS,1502,309980777.98005295
TKFEN.IS,TEKFEN HOLDİNG A.Ş.,Other,PASS,1503,298671487.2325134
PASEU.IS,PASİFİK EURASİA LOJİSTİK DIŞ TİCARET A.Ş.,Other,PASS,596,277166904.5887413
SKBNK.IS,ŞEKERBANK T.A.Ş.,Other,PASS,1502,276746808.53048325
AEFES.IS,ANADOLU EFES BİRACILIK VE MALT SANAYİİ A.Ş.,Other,PASS,1503,273081651.7475891
TSKB.IS,TÜRKİYE SINAİ KALKINMA BANKASI A.Ş.,Other,PASS,1502,259383683.7995205
GESAN.IS,GİRİŞİM ELEKTRİK SANAYİ TAAHHÜT VE TİCARET A.Ş.,Other,PASS,1248,257325325.89863583
CIMSA.IS,ÇİMSA ÇİMENTO SANAYİ VE TİCARET A.Ş.,Other,PASS,1502,238905649.45285276
KARSN.IS,KARSAN OTOMOTİV SANAYİİ VE TİCARET A.Ş.,Other,PASS,1502,228601615.4600606
ZOREN.IS,ZORLU ENERJİ ELEKTRİK ÜRETİM A.Ş.,Other,PASS,1502,226748495.36201537
SOKM.IS,ŞOK MARKETLER TİCARET A.Ş.,Other,PASS,1502,224068989.3704433
YEOTK.IS,YEO TEKNOLOJİ ENERJİ VE ENDÜSTRİ A.Ş.,Other,PASS,1244,217321286.0181427
ENERY.IS,ENERYA ENERJİ A.Ş.,Other,PASS,745,212862653.64080048
VESTL.IS,VESTEL ELEKTRONİK SANAYİ VE TİCARET A.Ş.,Other,PASS,1502,212264143.7409401
SDTTR.IS,SDT UZAY VE SAVUNMA TEKNOLOJİLERİ A.Ş.,Other,PASS,899,210730342.6359558
ALFAS.IS,ALFA SOLAR ENERJİ SANAYİ VE TİCARET A.Ş.,Other,PASS,934,207429452.00959775
DOAS.IS,DOĞUŞ OTOMOTİV SERVİS VE TİCARET A.Ş.,Other,PASS,1502,199258402.3326569
BRSAN.IS,BORUSAN MANNESMANN BORU SANAYİ VE TİCARET A.Ş.,Other,PASS,1502,197999003.80890656
ENJSA.IS,ENERJİSA ENERJİ A.Ş.,Other,PASS,1502,196460299.9820948
AKSEN.IS,AKSA ENERJİ ÜRETİM A.Ş.,Other,PASS,1502,195080052.84095764
CANTE.IS,ÇAN2 TERMİK A.Ş.,Other,PASS,1320,194488533.91037875
IZENR.IS,İZDEMİR ENERJİ ELEKTRİK ÜRETİM A.Ş.,Other,PASS,750,193867426.9219384
SMRTG.IS,SMART GÜNEŞ ENERJİSİ TEKNOLOJİLERİ ARAŞTIRMA GELİŞTİRME ÜRETİM SANAYİ VE TİCARET A.Ş.,Other,PASS,1096,193495212.3798728
EUREN.IS,EUROPEN ENDÜSTRİ İNŞAAT SANAYİ VE TİCARET A.Ş.,Other,PASS,1046,177139580.58603144
CCOLA.IS,COCA-COLA İÇECEK A.Ş.,Other,PASS,1503,174817947.09368896
PSGYO.IS,PASİFİK GAYRİMENKUL YATIRIM ORTAKLIĞI A.Ş.,Other,PASS,1166,163701549.98047745
MAVI.IS,MAVİ GİYİM SANAYİ VE TİCARET A.Ş.,Other,PASS,1503,163082300.96549988
KCAER.IS,KOCAER ÇELİK SANAYİ VE TİCARET A.Ş.,Other,PASS,1030,153166002.70156574
AKFYE.IS,AKFEN YENİLENEBİLİR ENERJİ A.Ş.,Other,PASS,852,153072415.44290257
TATEN.IS,TATLIPINAR ENERJİ ÜRETİM A.Ş.,Other,PASS,749,147477795.7956772
OTKAR.IS,OTOKAR OTOMOTİV VE SAVUNMA SANAYİ A.Ş.,Other,PASS,1500,144241457.96984863
ECILC.IS,EİS ECZACIBAŞI İLAÇ SINAİ VE FİNANSAL YATIRIMLAR SANAYİ VE TİCARET A.Ş.,Other,PASS,1502,143616571.97023988
TURSG.IS,TÜRKİYE SİGORTA A.Ş.,Other,PASS,1506,142985367.33580738
BERA.IS,BERA HOLDİNG A.Ş.,Other,PASS,1502,129304560.68942831
GIPTA.IS,GIPTA OFİS KIRTASİYE VE PROMOSYON ÜRÜNLERİ İMALAT SANAYİ A.Ş.,Other,PASS,595,126834159.54437256
AHGAZ.IS,AHLATCI DOĞAL GAZ DAĞITIM ENERJİ VE YATIRIM A.Ş.,Other,PASS,906,126723207.28570652
EGEEN.IS,EGE ENDÜSTRİ VE TİCARET A.Ş.,Other,PASS,1502,124205315.0
QUAGR.IS,QUA GRANITE HAYAL YAPI VE ÜRÜNLERİ SANAYİ TİCARET A.Ş.,Other,PASS,1333,122508674.37049866
AKSA.IS,AKSA AKRİLİK KİMYA SANAYİİ A.Ş.,Other,PASS,1503,118258269.70964098
DAPGM.IS,DAP GAYRİMENKUL GELİŞTİRME A.Ş.,Other,PASS,1116,115832209.7884674
AGHOL.IS,AG ANADOLU GRUBU HOLDİNG A.Ş.,Other,PASS,1503,113652777.15924837
KZBGY.IS,KIZILBÜK GAYRİMENKUL YATIRIM ORTAKLIĞI A.Ş.,Other,PASS,1254,112903568.54100253
KATMR.IS,KATMERCİLER ARAÇ ÜSTÜ EKİPMAN SANAYİ VE TİCARET A.Ş.,Other,PASS,1502,112539378.03291464
TUKAS.IS,TUKAŞ GIDA SANAYİ VE TİCARET A.Ş.,Other,PASS,1503,111078525.23949908
GLYHO.IS,GLOBAL YATIRIM HOLDİNG A.Ş.,Other,PASS,1503,108692987.6139412
ISGYO.IS,İŞ GAYRİMENKUL YATIRIM ORTAKLIĞI A.Ş.,Other,PASS,1502,107995119.12938832
TTRAK.IS,TÜRK TRAKTÖR VE ZİRAAT MAKİNELERİ A.Ş.,Other,PASS,1502,106419413.08920288
FZLGY.IS,FUZUL GAYRİMENKUL YATIRIM ORTAKLIĞI A.Ş.,Other,PASS,596,104741788.524827
ALBRK.IS,ALBARAKA TÜRK KATILIM BANKASI A.Ş.,Other,PASS,1502,104570334.24731793
PEKGY.IS,PEKER GAYRİMENKUL YATIRIM ORTAKLIĞI A.Ş.,Other,PASS,1503,104069981.02769876
MAGEN.IS,MARGÜN ENERJİ ÜRETİM SANAYİ VE TİCARET A.Ş.,Other,PASS,1198,102882686.94683076
ISMEN.IS,İŞ YATIRIM MENKUL DEĞERLER A.Ş.,Other,PASS,1502,102787674.39531088
GOKNR.IS,GÖKNUR GIDA MADDELERİ ENERJİ İMALAT İTHALAT İHRACAT TİCARET VE SANAYİ A.Ş.,Other,PASS,857,102637486.29973984
BIENY.IS,BİEN YAPI ÜRÜNLERİ SANAYİ TURİZM VE TİCARET A.Ş.,Other,PASS,809,100858831.16869926
ADESE.IS,ADESE GAYRİMENKUL YATIRIM A.Ş.,Other,PASS,1503,96934136.2536797
GENIL.IS,GEN İLAÇ VE SAĞLIK ÜRÜNLERİ SANAYİ VE TİCARET A.Ş.,Other,PASS,1258,96588773.46011011
TMSN.IS,TÜMOSAN MOTOR VE TRAKTÖR SANAYİ A.Ş.,Other,PASS,1502,94790544.68750572
BRYAT.IS,BORUSAN YATIRIM VE PAZARLAMA A.Ş.,Other,PASS,1502,93663809.4169922
YYLGD.IS,YAYLA AGRO GIDA SANAYİ VE TİCARET A.Ş.,Other,PASS,1058,93294093.33243276
MPARK.IS,MLP SAĞLIK HİZMETLERİ A.Ş.,Other,PASS,1502,92770332.6270218
A1CAP.IS,A1 CAPITAL YATIRIM MENKUL DEĞERLER A.Ş.,Other,PASS,789,91275866.77033617
GRSEL.IS,GÜR-SEL TURİZM TAŞIMACILIK VE SERVİS TİCARET A.Ş.,Other,PASS,1107,89097624.0
BVSAN.IS,BÜLBÜLOĞLU VİNÇ SANAYİ VE TİCARET A.Ş.,Other,PASS,875,87414594.6837616
HLGYO.IS,HALK GAYRİMENKUL YATIRIM ORTAKLIĞI A.Ş.,Other,PASS,1506,87267067.1424408
TKNSA.IS,TEKNOSA İÇ VE DIŞ TİCARET A.Ş.,Other,PASS,1502,86485755.53387356
CEMAS.IS,ÇEMAŞ DÖKÜM SANAYİ A.Ş.,Other,PASS,1502,86217292.03473115
KOPOL.IS,KOZA POLYESTER SANAYİ VE TİCARET A.Ş.,Other,PASS,833,85016925.93582916
ONCSM.IS,ONCOSEM ONKOLOJİK SİSTEMLER SANAYİ VE TİCARET A.Ş.,Other,PASS,899,84554174.0
TRILC.IS,TURK İLAÇ VE SERUM SANAYİ A.Ş.,Other,PASS,1359,84295478.74041867
ARDYZ.IS,ARD GRUP BİLİŞİM TEKNOLOJİLERİ A.Ş.,Other,PASS,1502,83849705.76801205
GWIND.IS,GALATA WIND ENERJİ A.Ş.,Other,PASS,1323,82664651.34134674
IMASM.IS,İMAŞ MAKİNA SANAYİ A.Ş.,Other,PASS,1070,80085333.26803064
BTCIM.IS,BATIÇİM BATI ANADOLU ÇİMENTO SANAYİİ A.Ş.,Other,PASS,1503,79915971.95293188
AKFGY.IS,AKFEN GAYRİMENKUL YATIRIM ORTAKLIĞI A.Ş.,Other,PASS,1502,79375419.07967162
KORDS.IS,KORDSA TEKNİK TEKSTİL A.Ş.,Other,PASS,1502,77398609.59288597
TRGYO.IS,TORUNLAR GAYRİMENKUL YATIRIM ORTAKLIĞI A.Ş.,Other,PASS,1502,77355714.7865982
DMRGD.IS,DMR UNLU MAMULLER ÜRETİM GIDA TOPTAN PERAKENDE İHRACAT A.Ş.,Other,PASS,596,76812062.28212428
SNGYO.IS,SİNPAŞ GAYRİMENKUL YATIRIM ORTAKLIĞI A.Ş.,Other,PASS,1503,76048832.02521133
SELEC.IS,SELÇUK ECZA DEPOSU TİCARET VE SANAYİ A.Ş.,Other,PASS,1502,75445963.65002632
ESEN.IS,ESENBOĞA ELEKTRİK ÜRETİM A.Ş.,Other,PASS,1462,75073049.59680736
VKGYO.IS,VAKIF GAYRİMENKUL YATIRIM ORTAKLIĞI A.Ş.,Other,PASS,1508,74149222.49096012
BIOEN.IS,BİOTREND ÇEVRE VE ENERJİ YATIRIMLARI A.Ş.,Other,PASS,1322,73834897.03969097
VAKFN.IS,VAKIF FİNANSAL KİRALAMA A.Ş.,Other,PASS,1507,73280049.21766222
ISFIN.IS,İŞ FİNANSAL KİRALAMA A.Ş.,Other,PASS,1502,72950927.4021864
GSDHO.IS,GSD HOLDİNG A.Ş.,Other,PASS,1502,72203759.67723614
KUYAS.IS,KUYAŞ YATIRIM A.Ş.,Other,PASS,1503,71712840.13336945
IHLAS.IS,İHLAS HOLDİNG A.Ş.,Other,PASS,1502,71578970.55759078
ECZYT.IS,ECZACIBAŞI YATIRIM HOLDİNG ORTAKLIĞI A.Ş.,Other,PASS,1502,71029598.77604675
BMSTL.IS,BMS BİRLEŞİK METAL SANAYİ VE TİCARET A.Ş.,Other,PASS,1075,70993372.44118881
TARKM.IS,TARKİM BİTKİ KORUMA SANAYİ VE TİCARET A.Ş.,Other,PASS,595,70702612.75
SNICA.IS,SANİCA ISI SANAYİ A.Ş.,Other,PASS,929,70584282.74416924
RTALB.IS,RTA LABORATUVARLARI BİYOLOJİK ÜRÜNLER İLAÇ VE MAKİNE SANAYİ TİCARET A.Ş.,Other,PASS,1503,70485769.2859497
ISDMR.IS,İSKENDERUN DEMİR VE ÇELİK A.Ş.,Other,PASS,1502,70298459.33773232
KONYA.IS,KONYA ÇİMENTO SANAYİİ A.Ş.,Other,PASS,1502,70251411.14550781
VESBE.IS,VESTEL BEYAZ EŞYA SANAYİ VE TİCARET A.Ş.,Other,PASS,1502,70223967.14604378
BSOKE.IS,BATISÖKE SÖKE ÇİMENTO SANAYİİ T.A.Ş.,Other,PASS,1502,69555464.12246501
BOBET.IS,BOĞAZİÇİ BETON SANAYİ VE TİCARET A.Ş.,Other,PASS,1299,69195157.03300476
USAK.IS,UŞAK SERAMİK SANAYİ A.Ş.,Other,PASS,1503,68616898.90686572
MOBTL.IS,MOBİLTEL İLETİŞİM HİZMETLERİ SANAYİ VE TİCARET A.Ş.,Other,PASS,1181,68307213.5227704
IEYHO.IS,IŞIKLAR ENERJİ VE YAPI HOLDİNG A.Ş.,Other,PASS,1502,68189154.28760433
CLEBI.IS,ÇELEBİ HAVA SERVİSİ A.Ş.,Other,PASS,1502,67799814.5232544
POLHO.IS,POLİSAN HOLDİNG A.Ş.,Other,PASS,1503,67743182.71414661
HUNER.IS,HUN YENİLENEBİLİR ENERJİ ÜRETİM A.Ş.,Other,PASS,1119,67002672.50081468
KLGYO.IS,KİLER GAYRİMENKUL YATIRIM ORTAKLIĞI A.Ş.,Other,PASS,1502,66797974.45771265
FORTE.IS,FORTE BİLGİ İLETİŞİM TEKNOLOJİLERİ VE SAVUNMA SANAYİ A.Ş.,Other,PASS,595,66729797.37815857
KLSER.IS,KALESERAMİK ÇANAKKALE KALEBODUR SERAMİK SANAYİ A.Ş.,Other,PASS,760,66667747.424007416
JANTS.IS,JANTSA JANT SANAYİ VE TİCARET A.Ş.,Other,PASS,1503,65696945.18717432
NATEN.IS,NATUREL YENİLENEBİLİR ENERJİ TİCARET A.Ş.,Other,PASS,1503,65495384.0393734
LIDER.IS,LDR TURİZM A.Ş.,Other,PASS,1089,65418681.50663376
