symbol,name,sector
A1CAP.IS,A1 CAPITAL YATIRIM MENKUL DEĞERLER A.Ş.,Other
ACSEL.IS,ACISELSAN ACIPAYAM SELÜLOZ SANAYİ VE TİCARET A.Ş.,Other
ADEL.IS,ADEL KALEMCİLİK TİCARET VE SANAYİ A.Ş.,Other
ADESE.IS,ADESE GAYRİMENKUL YATIRIM A.Ş.,Other
ADGYO.IS,ADRA GAYRİMENKUL YATIRIM ORTAKLIĞI A.Ş.,Other
AEFES.IS,ANADOLU EFES BİRACILIK VE MALT SANAYİİ A.Ş.,Other
AFYON.IS,AFYON ÇİMENTO SANAYİ T.A.Ş.,Other
AGESA.IS,AGESA HAYAT VE EMEKLİLİK A.Ş.,Other
AGHOL.IS,AG ANADOLU GRUBU HOLDİNG A.Ş.,Other
AGYO.IS,ATAKULE GAYRİMENKUL YATIRIM ORTAKLIĞI A.Ş.,Other
AHGAZ.IS,AHLATCI DOĞAL GAZ DAĞITIM ENERJİ VE YATIRIM A.Ş.,Other
AKBNK.IS,AKBANK T.A.Ş.,Other
AKCNS.IS,AKÇANSA ÇİMENTO SANAYİ VE TİCARET A.Ş.,Other
AKENR.IS,AKENERJİ ELEKTRİK ÜRETİM A.Ş.,Other
AKFGY.IS,AKFEN GAYRİMENKUL YATIRIM ORTAKLIĞI A.Ş.,Other
AKFYE.IS,AKFEN YENİLENEBİLİR ENERJİ A.Ş.,Other
AKGRT.IS,AKSİGORTA A.Ş.,Other
AKMGY.IS,AKMERKEZ GAYRİMENKUL YATIRIM ORTAKLIĞI A.Ş.,Other
AKSA.IS,AKSA AKRİLİK KİMYA SANAYİİ A.Ş.,Other
AKSEN.IS,AKSA ENERJİ ÜRETİM A.Ş.,Other
AKSGY.IS,AKİŞ GAYRİMENKUL YATIRIM ORTAKLIĞI A.Ş.,Other
AKSUE.IS,AKSU ENERJİ VE TİCARET A.Ş.,Other
AKYHO.IS,AKDENİZ YATIRIM HOLDİNG A.Ş.,Other
ALARK.IS,ALARKO HOLDİNG A.Ş.,Other
ALBRK.IS,ALBARAKA TÜRK KATILIM BANKASI A.Ş.,Other
ALCAR.IS,ALARKO CARRIER SANAYİ VE TİCARET A.Ş.,Other
ALCTL.IS,ALCATEL LUCENT TELETAŞ TELEKOMÜNİKASYON A.Ş.,Other
ALFAS.IS,ALFA SOLAR ENERJİ SANAYİ VE TİCARET A.Ş.,Other
ALGYO.IS,ALARKO GAYRİMENKUL YATIRIM ORTAKLIĞI A.Ş.,Other
ALKA.IS,ALKİM KAĞIT SANAYİ VE TİCARET A.Ş.,Other
ALKIM.IS,ALKİM ALKALİ KİMYA A.Ş.,Other
ALMAD.IS,ALTINYAĞ MADENCİLİK VE ENERJİ YATIRIMLARI SANAYİ VE TİCARET A.Ş.,Other
ANELE.IS,ANEL ELEKTRİK PROJE TAAHHÜT VE TİCARET A.Ş.,Other
ANGEN.IS,ANATOLİA TANI VE BİYOTEKNOLOJİ ÜRÜNLERİ ARAŞTIRMA GELİŞTİRME SANAYİ VE TİCARET A.Ş.,Other
ANHYT.IS,ANADOLU HAYAT EMEKLİLİK A.Ş.,Other
ANSGR.IS,ANADOLU ANONİM TÜRK SİGORTA ŞİRKETİ,Other
ARASE.IS,DOĞU ARAS ENERJİ YATIRIMLARI A.Ş.,Other
ARCLK.IS,ARÇELİK A.Ş.,Other
ARDYZ.IS,ARD GRUP BİLİŞİM TEKNOLOJİLERİ A.Ş.,Other
ARENA.IS,ARENA BİLGİSAYAR SANAYİ VE TİCARET A.Ş.,Other
ARSAN.IS,ARSAN TEKSTİL TİCARET VE SANAYİ A.Ş.,Other
ARZUM.IS,ARZUM ELEKTRİKLİ EV ALETLERİ SANAYİ VE TİCARET A.Ş.,Other
ASELS.IS,ASELSAN ELEKTRONİK SANAYİ VE TİCARET A.Ş.,Other
ASGYO.IS,ASCE GAYRİMENKUL YATIRIM ORTAKLIĞI A.Ş.,Other
ASTOR.IS,ASTOR ENERJİ A.Ş.,Other
ASUZU.IS,ANADOLU ISUZU OTOMOTİV SANAYİ VE TİCARET A.Ş.,Other
ATAGY.IS,ATA GAYRİMENKUL YATIRIM ORTAKLIĞI A.Ş.,Other
ATAKP.IS,ATAKEY PATATES GIDA SANAYİ VE TİCARET A.Ş.,Other
ATATP.IS,ATP YAZILIM VE TEKNOLOJİ A.Ş.,Other
ATEKS.IS,AKIN TEKSTİL A.Ş.,Other
ATLAS.IS,ATLAS MENKUL KIYMETLER YATIRIM ORTAKLIĞI A.Ş.,Other
ATSYH.IS,ATLANTİS YATIRIM HOLDİNG A.Ş.,Other
AVGYO.IS,AVRASYA GAYRİMENKUL YATIRIM ORTAKLIĞI A.Ş.,Other
AVHOL.IS,AVRUPA YATIRIM HOLDİNG A.Ş.,Other
AVOD.IS,A.V.O.D. KURUTULMUŞ GIDA VE TARIM ÜRÜNLERİ SANAYİ TİCARET A.Ş.,Other
AVTUR.IS,AVRASYA PETROL VE TURİSTİK TESİSLER YATIRIMLAR A.Ş.,Other
AYCES.IS,ALTIN YUNUS ÇEŞME TURİSTİK TESİSLER A.Ş.,Other
AYDEM.IS,AYDEM YENİLENEBİLİR ENERJİ A.Ş.,Other
AYEN.IS,AYEN ENERJİ A.Ş.,Other
AYES.IS,AYES ÇELİK HASIR VE ÇİT SANAYİ A.Ş.,Other
AYGAZ.IS,AYGAZ A.Ş.,Other
AZTEK.IS,AZTEK TEKNOLOJİ ÜRÜNLERİ TİCARET A.Ş.,Other
BAGFS.IS,BAGFAŞ BANDIRMA GÜBRE FABRİKALARI A.Ş.,Other
BAKAB.IS,BAK AMBALAJ SANAYİ VE TİCARET A.Ş.,Other
BALAT.IS,BALATACILAR BALATACILIK SANAYİ VE TİCARET A.Ş.,Other
BANVT.IS,BANVİT BANDIRMA VİTAMİNLİ YEM SANAYİİ A.Ş.,Other
BARMA.IS,BAREM AMBALAJ SANAYİ VE TİCARET A.Ş.,Other
BASCM.IS,BAŞTAŞ BAŞKENT ÇİMENTO SANAYİ VE TİCARET A.Ş.,Other
BASGZ.IS,BAŞKENT DOĞALGAZ DAĞITIM GAYRİMENKUL YATIRIM ORTAKLIĞI A.Ş.,Other
BAYRK.IS,BAYRAK EBT TABAN SANAYİ VE TİCARET A.Ş.,Other
BERA.IS,BERA HOLDİNG A.Ş.,Other
BEYAZ.IS,BEYAZ FİLO OTO KİRALAMA A.Ş.,Other
BFREN.IS,BOSCH FREN SİSTEMLERİ SANAYİ VE TİCARET A.Ş.,Other
BIENY.IS,BİEN YAPI ÜRÜNLERİ SANAYİ TURİZM VE TİCARET A.Ş.,Other
BIGCH.IS,BÜYÜK ŞEFLER GIDA TURİZM TEKSTİL DANIŞMANLIK ORGANİZASYON EĞİTİM SANAYİ VE TİCARET A.Ş.,Other
BIMAS.IS,BİM BİRLEŞİK MAĞAZALAR A.Ş.,Other
BIOEN.IS,BİOTREND ÇEVRE VE ENERJİ YATIRIMLARI A.Ş.,Other
BIZIM.IS,BİZİM TOPTAN SATIŞ MAĞAZALARI A.Ş.,Other
BLCYT.IS,BİLİCİ YATIRIM SANAYİ VE TİCARET A.Ş.,Other
BMSCH.IS,BMS ÇELİK HASIR SANAYİ VE TİCARET A.Ş.,Other
BMSTL.IS,BMS BİRLEŞİK METAL SANAYİ VE TİCARET A.Ş.,Other
BNTAS.IS,BANTAŞ BANDIRMA AMBALAJ SANAYİ TİCARET A.Ş.,Other
BOBET.IS,BOĞAZİÇİ BETON SANAYİ VE TİCARET A.Ş.,Other
BOSSA.IS,BOSSA TİCARET VE SANAYİ İŞLETMELERİ T.A.Ş.,Other
BRISA.IS,BRİSA BRIDGESTONE SABANCI LASTİK SANAYİ VE TİCARET A.Ş.,Other
BRKO.IS,BİRKO BİRLEŞİK KOYUNLULULAR MENSUCAT TİCARET VE SANAYİ A.Ş.,Other
BRKSN.IS,BERKOSAN YALITIM VE TECRİT MADDELERİ ÜRETİM VE TİCARET A.Ş.,Other
BRKVY.IS,BİRİKİM VARLIK YÖNETİM A.Ş.,Other
BRLSM.IS,BİRLEŞİM MÜHENDİSLİK ISITMA SOĞUTMA HAVALANDIRMA SANAYİ VE TİCARET A.Ş.,Other
BRMEN.IS,BİRLİK MENSUCAT TİCARET VE SANAYİ İŞLETMESİ A.Ş.,Other
BRSAN.IS,BORUSAN MANNESMANN BORU SANAYİ VE TİCARET A.Ş.,Other
BRYAT.IS,BORUSAN YATIRIM VE PAZARLAMA A.Ş.,Other
BSOKE.IS,BATISÖKE SÖKE ÇİMENTO SANAYİİ T.A.Ş.,Other
BTCIM.IS,BATIÇİM BATI ANADOLU ÇİMENTO SANAYİİ A.Ş.,Other
BUCIM.IS,BURSA ÇİMENTO FABRİKASI A.Ş.,Other
BURCE.IS,BURÇELİK BURSA ÇELİK DÖKÜM SANAYİİ A.Ş.,Other
BURVA.IS,BURÇELİK VANA SANAYİ VE TİCARET A.Ş.,Other
BVSAN.IS,BÜLBÜLOĞLU VİNÇ SANAYİ VE TİCARET A.Ş.,Other
BYDNR.IS,BAYDÖNER RESTORANLARI A.Ş.,Other
CANTE.IS,ÇAN2 TERMİK A.Ş.,Other
CASA.IS,CASA EMTİA PETROL KİMYEVİ VE TÜREVLERİ SANAYİ TİCARET A.Ş.,Other
CCOLA.IS,COCA-COLA İÇECEK A.Ş.,Other
CELHA.IS,ÇELİK HALAT VE TEL SANAYİİ A.Ş.,Other
CEMAS.IS,ÇEMAŞ DÖKÜM SANAYİ A.Ş.,Other
CEMTS.IS,ÇEMTAŞ ÇELİK MAKİNA SANAYİ VE TİCARET A.Ş.,Other
CEOEM.IS,CEO EVENT MEDYA A.Ş.,Other
CIMSA.IS,ÇİMSA ÇİMENTO SANAYİ VE TİCARET A.Ş.,Other
CLEBI.IS,ÇELEBİ HAVA SERVİSİ A.Ş.,Other
CMBTN.IS,ÇİMBETON HAZIRBETON VE PREFABRİK YAPI ELEMANLARI SANAYİ VE TİCARET A.Ş.,Other
CMENT.IS,ÇİMENTAŞ İZMİR ÇİMENTO FABRİKASI T.A.Ş.,Other
CONSE.IS,CONSUS ENERJİ İŞLETMECİLİĞİ VE HİZMETLERİ A.Ş.,Other
COSMO.IS,COSMOS YATIRIM HOLDİNG A.Ş.,Other
CRDFA.IS,CREDITWEST FAKTORİNG A.Ş.,Other
CRFSA.IS,CARREFOURSA CARREFOUR SABANCI TİCARET MERKEZİ A.Ş.,Other
CUSAN.IS,ÇUHADAROĞLU METAL SANAYİ VE PAZARLAMA A.Ş.,Other
CVKMD.IS,CVK MADEN İŞLETMELERİ SANAYİ VE TİCARET A.Ş.,Other
CWENE.IS,CW ENERJİ MÜHENDİSLİK TİCARET VE SANAYİ A.Ş.,Other
DAGHL.IS,DAGİ YATIRIM HOLDİNG A.Ş.,Other
DAGI.IS,DAGİ GİYİM SANAYİ VE TİCARET A.Ş.,Other
DAPGM.IS,DAP GAYRİMENKUL GELİŞTİRME A.Ş.,Other
DARDL.IS,DARDANEL ÖNENTAŞ GIDA SANAYİ A.Ş.,Other
DENGE.IS,DENGE YATIRIM HOLDİNG A.Ş.,Other
DERHL.IS,DERLÜKS YATIRIM HOLDİNG A.Ş.,Other
DERIM.IS,DERİMOD KONFEKSİYON AYAKKABI DERİ SANAYİ VE TİCARET A.Ş.,Other
DESA.IS,DESA DERİ SANAYİ VE TİCARET A.Ş.,Other
DESPC.IS,DESPEC BİLGİSAYAR PAZARLAMA VE TİCARET A.Ş.,Other
DEVA.IS,DEVA HOLDİNG A.Ş.,Other
DGATE.IS,DATAGATE BİLGİSAYAR MALZEMELERİ TİCARET A.Ş.,Other
DGGYO.IS,DOĞUŞ GAYRİMENKUL YATIRIM ORTAKLIĞI A.Ş.,Other
DGNMO.IS,DOĞANLAR MOBİLYA GRUBU İMALAT SANAYİ VE TİCARET A.Ş.,Other
DIRIT.IS,DİRİTEKS DİRİLİŞ TEKSTİL SANAYİ VE TİCARET A.Ş.,Other
DITAS.IS,DİTAŞ DOĞAN YEDEK PARÇA İMALAT VE TEKNİK A.Ş.,Other
DMRGD.IS,DMR UNLU MAMULLER ÜRETİM GIDA TOPTAN PERAKENDE İHRACAT A.Ş.,Other
DMSAS.IS,DEMİSAŞ DÖKÜM EMAYE MAMÜLLERİ SANAYİ A.Ş.,Other
DNISI.IS,DİNAMİK ISI MAKİNA YALITIM MALZEMELERİ SANAYİ VE TİCARET A.Ş.,Other
DOAS.IS,DOĞUŞ OTOMOTİV SERVİS VE TİCARET A.Ş.,Other
DOBUR.IS,DOĞAN BURDA DERGİ YAYINCILIK VE PAZARLAMA A.Ş.,Other
DOGUB.IS,DOĞUSAN BORU SANAYİİ VE TİCARET A.Ş.,Other
DOHOL.IS,DOĞAN ŞİRKETLER GRUBU HOLDİNG A.Ş.,Other
DOKTA.IS,DÖKTAŞ DÖKÜMCÜLÜK TİCARET VE SANAYİ A.Ş.,Other
DURDO.IS,DURAN DOĞAN BASIM VE AMBALAJ SANAYİ A.Ş.,Other
DYOBY.IS,DYO BOYA FABRİKALARI SANAYİ VE TİCARET A.Ş.,Other
DZGYO.IS,DENİZ GAYRİMENKUL YATIRIM ORTAKLIĞI A.Ş.,Other
EBEBK.IS,EBEBEK MAĞAZACILIK A.Ş.,Other
ECILC.IS,EİS ECZACIBAŞI İLAÇ SINAİ VE FİNANSAL YATIRIMLAR SANAYİ VE TİCARET A.Ş.,Other
ECZYT.IS,ECZACIBAŞI YATIRIM HOLDİNG ORTAKLIĞI A.Ş.,Other
EDATA.IS,E-DATA TEKNOLOJİ PAZARLAMA A.Ş.,Other
EDIP.IS,EDİP GAYRİMENKUL YATIRIM SANAYİ VE TİCARET A.Ş.,Other
EGEEN.IS,EGE ENDÜSTRİ VE TİCARET A.Ş.,Other
EGEPO.IS,NASMED ÖZEL SAĞLIK HİZMETLERİ TİCARET A.Ş.,Other
EGGUB.IS,EGE GÜBRE SANAYİİ A.Ş.,Other
EGPRO.IS,EGE PROFİL TİCARET VE SANAYİ A.Ş.,Other
EGSER.IS,EGE SERAMİK SANAYİ VE TİCARET A.Ş.,Other
EKGYO.IS,EMLAK KONUT GAYRİMENKUL YATIRIM ORTAKLIĞI A.Ş.,Other
EKIZ.IS,EKİZ KİMYA SANAYİ VE TİCARET A.Ş.,Other
EKSUN.IS,EKSUN GIDA TARIM SANAYİ VE TİCARET A.Ş.,Other
ELITE.IS,ELİTE NATUREL ORGANİK GIDA SANAYİ VE TİCARET A.Ş.,Other
EMKEL.IS,EMEK ELEKTRİK ENDÜSTRİSİ A.Ş.,Other
EMNIS.IS,EMİNİŞ AMBALAJ SANAYİ VE TİCARET A.Ş.,Other
ENERY.IS,ENERYA ENERJİ A.Ş.,Other
ENJSA.IS,ENERJİSA ENERJİ A.Ş.,Other
ENKAI.IS,ENKA İNŞAAT VE SANAYİ A.Ş.,Other
ENSRI.IS,ENSARİ DERİ GIDA SANAYİ VE TİCARET A.Ş.,Other
EPLAS.IS,EGEPLAST EGE PLASTİK TİCARET VE SANAYİ A.Ş.,Other
ERBOS.IS,ERBOSAN ERCİYAS BORU SANAYİİ VE TİCARET A.Ş.,Other
ERCB.IS,ERCİYAS ÇELİK BORU SANAYİ A.Ş.,Other
EREGL.IS,EREĞLİ DEMİR VE ÇELİK FABRİKALARI T.A.Ş.,Other
ERSU.IS,ERSU MEYVE VE GIDA SANAYİ A.Ş.,Other
ESCAR.IS,ESCAR FİLO KİRALAMA HİZMETLERİ A.Ş.,Other
ESCOM.IS,ESCORT TEKNOLOJİ YATIRIM A.Ş.,Other
ESEN.IS,ESENBOĞA ELEKTRİK ÜRETİM A.Ş.,Other
ETILR.IS,ETİLER GIDA VE TİCARİ YATIRIMLAR SANAYİ VE TİCARET A.Ş.,Other
ETYAT.IS,EURO TREND YATIRIM ORTAKLIĞI A.Ş.,Other
EUHOL.IS,EURO YATIRIM HOLDİNG A.Ş.,Other
EUKYO.IS,EURO KAPİTAL YATIRIM ORTAKLIĞI A.Ş.,Other
EUPWR.IS,EUROPOWER ENERJİ VE OTOMASYON TEKNOLOJİLERİ SANAYİ TİCARET A.Ş.,Other
EUREN.IS,EUROPEN ENDÜSTRİ İNŞAAT SANAYİ VE TİCARET A.Ş.,Other
EUYO.IS,EURO MENKUL KIYMET YATIRIM ORTAKLIĞI A.Ş.,Other
EYGYO.IS,EYG GAYRİMENKUL YATIRIM ORTAKLIĞI A.Ş.,Other
FADE.IS,FADE GIDA YATIRIM SANAYİ TİCARET A.Ş.,Other
FLAP.IS,FLAP KONGRE TOPLANTI HİZMETLERİ OTOMOTİV VE TURİZM A.Ş.,Other
FMIZP.IS,FEDERAL-MOGUL İZMİT PİSTON VE PİM ÜRETİM TESİSLERİ A.Ş.,Other
FONET.IS,FONET BİLGİ TEKNOLOJİLERİ A.Ş.,Other
FORMT.IS,FORMET METAL VE CAM SANAYİ A.Ş.,Other
FORTE.IS,FORTE BİLGİ İLETİŞİM TEKNOLOJİLERİ VE SAVUNMA SANAYİ A.Ş.,Other
FRIGO.IS,FRİGO-PAK GIDA MADDELERİ SANAYİ VE TİCARET A.Ş.,Other
FROTO.IS,FORD OTOMOTİV SANAYİ A.Ş.,Other
FZLGY.IS,FUZUL GAYRİMENKUL YATIRIM ORTAKLIĞI A.Ş.,Other
GARAN.IS,TÜRKİYE GARANTİ BANKASI A.Ş.,Other
GARFA.IS,GARANTİ FAKTORİNG A.Ş.,Other
GEDIK.IS,GEDİK YATIRIM MENKUL DEĞERLER A.Ş.,Other
GEDZA.IS,GEDİZ AMBALAJ SANAYİ VE TİCARET A.Ş.,Other
GENIL.IS,GEN İLAÇ VE SAĞLIK ÜRÜNLERİ SANAYİ VE TİCARET A.Ş.,Other
GENTS.IS,GENTAŞ DEKORATİF YÜZEYLER SANAYİ VE TİCARET A.Ş.,Other
GEREL.IS,GERSAN ELEKTRİK TİCARET VE SANAYİ A.Ş.,Other
GESAN.IS,GİRİŞİM ELEKTRİK SANAYİ TAAHHÜT VE TİCARET A.Ş.,Other
GIPTA.IS,GIPTA OFİS KIRTASİYE VE PROMOSYON ÜRÜNLERİ İMALAT SANAYİ A.Ş.,Other
GLBMD.IS,GLOBAL MENKUL DEĞERLER A.Ş.,Other
GLCVY.IS,GELECEK VARLIK YÖNETİMİ A.Ş.,Other
GLRYH.IS,GÜLER YATIRIM HOLDİNG A.Ş.,Other
GLYHO.IS,GLOBAL YATIRIM HOLDİNG A.Ş.,Other
GMTAS.IS,GİMAT MAĞAZACILIK SANAYİ VE TİCARET A.Ş.,Other
GOKNR.IS,GÖKNUR GIDA MADDELERİ ENERJİ İMALAT İTHALAT İHRACAT TİCARET VE SANAYİ A.Ş.,Other
GOLTS.IS,GÖLTAŞ GÖLLER BÖLGESİ ÇİMENTO SANAYİ VE TİCARET A.Ş.,Other
GOODY.IS,GOODYEAR LASTİKLERİ T.A.Ş.,Other
GOZDE.IS,GÖZDE GİRİŞİM SERMAYESİ YATIRIM ORTAKLIĞI A.Ş.,Other
GRNYO.IS,GARANTİ YATIRIM ORTAKLIĞI A.Ş.,Other
GRSEL.IS,GÜR-SEL TURİZM TAŞIMACILIK VE SERVİS TİCARET A.Ş.,Other
GRTRK.IS,GRAINTURK TARIM A.Ş.,Other
GSDDE.IS,GSD DENİZCİLİK GAYRİMENKUL İNŞAAT SANAYİ VE TİCARET A.Ş.,Other
GSDHO.IS,GSD HOLDİNG A.Ş.,Other
GUBRF.IS,GÜBRE FABRİKALARI T.A.Ş.,Other
GWIND.IS,GALATA WIND ENERJİ A.Ş.,Other
GZNMI.IS,GEZİNOMİ SEYAHAT TURİZM TİCARET A.Ş.,Other
HALKB.IS,TÜRKİYE HALK BANKASI A.Ş.,Other
HATEK.IS,HATEKS HATAY TEKSTİL İŞLETMELERİ A.Ş.,Other
HATSN.IS,HAT-SAN GEMİ İNŞAA BAKIM ONARIM DENİZ NAKLİYAT SANAYİ VE TİCARET A.Ş.,Other
HDFGS.IS,HEDEF GİRİŞİM SERMAYESİ YATIRIM ORTAKLIĞI A.Ş.,Other
HEDEF.IS,HEDEF HOLDİNG A.Ş.,Other
HEKTS.IS,HEKTAŞ TİCARET T.A.Ş.,Other
HKTM.IS,HİDROPAR HAREKET KONTROL TEKNOLOJİLERİ MERKEZİ SANAYİ VE TİCARET A.Ş.,Other
HLGYO.IS,HALK GAYRİMENKUL YATIRIM ORTAKLIĞI A.Ş.,Other
HTTBT.IS,HİTİT BİLGİSAYAR HİZMETLERİ A.Ş.,Other
HUBVC.IS,HUB GİRİŞİM SERMAYESİ YATIRIM ORTAKLIĞI A.Ş.,Other
HUNER.IS,HUN YENİLENEBİLİR ENERJİ ÜRETİM A.Ş.,Other
HURGZ.IS,HÜRRİYET GAZETECİLİK VE MATBAACILIK A.Ş.,Other
ICBCT.IS,ICBC TURKEY BANK A.Ş.,Other
ICUGS.IS,ICU GİRİŞİM SERMAYESİ YATIRIM ORTAKLIĞI A.Ş.,Other
IDEAS.IS,İDEAL FİNANSAL TEKNOLOJİLER VE DANIŞMANLIK A.Ş.,Other
IDGYO.IS,İDEALİST GAYRİMENKUL YATIRIM ORTAKLIĞI A.Ş.,Other
IEYHO.IS,IŞIKLAR ENERJİ VE YAPI HOLDİNG A.Ş.,Other
IHAAS.IS,İHLAS HABER AJANSI A.Ş.,Other
IHEVA.IS,İHLAS EV ALETLERİ İMALAT SANAYİ VE TİCARET A.Ş.,Other
IHGZT.IS,İHLAS GAZETECİLİK A.Ş.,Other
IHLAS.IS,İHLAS HOLDİNG A.Ş.,Other
IHLGM.IS,İHLAS GAYRİMENKUL PROJE GELİŞTİRME VE TİCARET A.Ş.,Other
IHYAY.IS,İHLAS YAYIN HOLDİNG A.Ş.,Other
IMASM.IS,İMAŞ MAKİNA SANAYİ A.Ş.,Other
INDES.IS,İNDEKS BİLGİSAYAR SİSTEMLERİ MÜHENDİSLİK SANAYİ VE TİCARET A.Ş.,Other
INFO.IS,İNFO YATIRIM MENKUL DEĞERLER A.Ş.,Other
INGRM.IS,INGRAM MİCRO BİLİŞİM SİSTEMLERİ A.Ş.,Other
INTEM.IS,İNTEMA İNŞAAT VE TESİSAT MALZEMELERİ YATIRIM VE PAZARLAMA A.Ş.,Other
INVEO.IS,INVEO YATIRIM HOLDİNG A.Ş.,Other
INVES.IS,INVESTCO HOLDİNG A.Ş.,Other
IPEKE.IS,İPEK DOĞAL ENERJİ KAYNAKLARI ARAŞTIRMA VE ÜRETİM A.Ş.,Other
ISATR.IS,TÜRKİYE İŞ BANKASI A.Ş.,Other
ISBIR.IS,İŞBİR HOLDİNG A.Ş.,Other
ISBTR.IS,TÜRKİYE İŞ BANKASI A.Ş.,Other
ISCTR.IS,TÜRKİYE İŞ BANKASI A.Ş.,Other
ISDMR.IS,İSKENDERUN DEMİR VE ÇELİK A.Ş.,Other
ISFIN.IS,İŞ FİNANSAL KİRALAMA A.Ş.,Other
ISGSY.IS,İŞ GİRİŞİM SERMAYESİ YATIRIM ORTAKLIĞI A.Ş.,Other
ISGYO.IS,İŞ GAYRİMENKUL YATIRIM ORTAKLIĞI A.Ş.,Other
ISKPL.IS,IŞIK PLASTİK SANAYİ VE DIŞ TİCARET PAZARLAMA A.Ş.,Other
ISKUR.IS,TÜRKİYE İŞ BANKASI A.Ş.,Other
ISMEN.IS,İŞ YATIRIM MENKUL DEĞERLER A.Ş.,Other
ISSEN.IS,İŞBİR SENTETİK DOKUMA SANAYİ A.Ş.,Other
ISYAT.IS,İŞ YATIRIM ORTAKLIĞI A.Ş.,Other
ITTFH.IS,İTTİFAK HOLDİNG A.Ş.,Other
IZENR.IS,İZDEMİR ENERJİ ELEKTRİK ÜRETİM A.Ş.,Other
IZFAS.IS,İZMİR FIRÇA SANAYİ VE TİCARET A.Ş.,Other
IZINV.IS,İZ YATIRIM HOLDİNG A.Ş.,Other
IZMDC.IS,İZMİR DEMİR ÇELİK SANAYİ A.Ş.,Other
JANTS.IS,JANTSA JANT SANAYİ VE TİCARET A.Ş.,Other
KAPLM.IS,KAPLAMİN AMBALAJ SANAYİ VE TİCARET A.Ş.,Other
KAREL.IS,KAREL ELEKTRONİK SANAYİ VE TİCARET A.Ş.,Other
KARSN.IS,KARSAN OTOMOTİV SANAYİİ VE TİCARET A.Ş.,Other
KARTN.IS,KARTONSAN KARTON SANAYİ VE TİCARET A.Ş.,Other
KARYE.IS,KARTAL YENİLENEBİLİR ENERJİ ÜRETİM A.Ş.,Other
KATMR.IS,KATMERCİLER ARAÇ ÜSTÜ EKİPMAN SANAYİ VE TİCARET A.Ş.,Other
KCAER.IS,KOCAER ÇELİK SANAYİ VE TİCARET A.Ş.,Other
KCHOL.IS,KOÇ HOLDİNG A.Ş.,Other
KENT.IS,KENT GIDA MADDELERİ SANAYİİ VE TİCARET A.Ş.,Other
KERVN.IS,KERVANSARAY YATIRIM HOLDİNG A.Ş.,Other
KERVT.IS,KEREVİTAŞ GIDA SANAYİ VE TİCARET A.Ş.,Other
KFEIN.IS,KAFEİN YAZILIM HİZMETLERİ TİCARET A.Ş.,Other
KGYO.IS,KORAY GAYRİMENKUL YATIRIM ORTAKLIĞI A.Ş.,Other
KIMMR.IS,ERSAN ALIŞVERİŞ HİZMETLERİ VE GIDA SANAYİ TİCARET A.Ş.,Other
KLGYO.IS,KİLER GAYRİMENKUL YATIRIM ORTAKLIĞI A.Ş.,Other
KLKIM.IS,KALEKİM KİMYEVİ MADDELER SANAYİ VE TİCARET A.Ş.,Other
KLMSN.IS,KLİMASAN KLİMA SANAYİ VE TİCARET A.Ş.,Other
KLNMA.IS,TÜRKİYE KALKINMA VE YATIRIM BANKASI A.Ş.,Other
KLRHO.IS,KİLER HOLDİNG A.Ş.,Other
KLSER.IS,KALESERAMİK ÇANAKKALE KALEBODUR SERAMİK SANAYİ A.Ş.,Other
KLSYN.IS,KOLEKSİYON MOBİLYA SANAYİ A.Ş.,Other
KMPUR.IS,KİMTEKS POLİÜRETAN SANAYİ VE TİCARET A.Ş.,Other
KNFRT.IS,KONFRUT GIDA SANAYİ VE TİCARET A.Ş.,Other
KONKA.IS,KONYA KAĞIT SANAYİ VE TİCARET A.Ş.,Other
KONTR.IS,KONTROLMATİK TEKNOLOJİ ENERJİ VE MÜHENDİSLİK A.Ş.,Other
KONYA.IS,KONYA ÇİMENTO SANAYİİ A.Ş.,Other
KOPOL.IS,KOZA POLYESTER SANAYİ VE TİCARET A.Ş.,Other
KORDS.IS,KORDSA TEKNİK TEKSTİL A.Ş.,Other
KOZAA.IS,KOZA ANADOLU METAL MADENCİLİK İŞLETMELERİ A.Ş.,Other
KOZAL.IS,KOZA ALTIN İŞLETMELERİ A.Ş.,Other
KRDMA.IS,KARDEMİR KARABÜK DEMİR ÇELİK SANAYİ VE TİCARET A.Ş.,Other
KRDMB.IS,KARDEMİR KARABÜK DEMİR ÇELİK SANAYİ VE TİCARET A.Ş.,Other
KRDMD.IS,KARDEMİR KARABÜK DEMİR ÇELİK SANAYİ VE TİCARET A.Ş.,Other
KRGYO.IS,KÖRFEZ GAYRİMENKUL YATIRIM ORTAKLIĞI A.Ş.,Other
KRONT.IS,KRON TEKNOLOJİ A.Ş.,Other
KRPLS.IS,KOROPLAST TEMİZLİK AMBALAJ ÜRÜNLERİ SANAYİ VE DIŞ TİCARET A.Ş.,Other
KRSTL.IS,KRİSTAL KOLA VE MEŞRUBAT SANAYİ TİCARET A.Ş.,Other
KRTEK.IS,KARSU TEKSTİL SANAYİİ VE TİCARET A.Ş.,Other
KRVGD.IS,KERVAN GIDA SANAYİ VE TİCARET A.Ş.,Other
KSTUR.IS,KUŞTUR KUŞADASI TURİZM ENDÜSTRİSİ A.Ş.,Other
KTLEV.IS,KATILIMEVİM TASARRUF FİNANSMAN A.Ş.,Other
KTSKR.IS,KÜTAHYA ŞEKER FABRİKASI A.Ş.,Other
KUTPO.IS,KÜTAHYA PORSELEN SANAYİ A.Ş.,Other
KUVVA.IS,KUVVA GIDA TİCARET VE SANAYİ YATIRIMLARI A.Ş.,Other
KUYAS.IS,KUYAŞ YATIRIM A.Ş.,Other
KZBGY.IS,KIZILBÜK GAYRİMENKUL YATIRIM ORTAKLIĞI A.Ş.,Other
KZGYO.IS,KUZUGRUP GAYRİMENKUL YATIRIM ORTAKLIĞI A.Ş.,Other
LIDER.IS,LDR TURİZM A.Ş.,Other
LIDFA.IS,LİDER FAKTORİNG A.Ş.,Other
LINK.IS,LİNK BİLGİSAYAR SİSTEMLERİ YAZILIMI VE DONANIMI SANAYİ VE TİCARET A.Ş.,Other
LKMNH.IS,LOKMAN HEKİM ENGÜRÜSAĞ SAĞLIK TURİZM EĞİTİM HİZMETLERİ VE İNŞAAT TAAHHÜT A.Ş.,Other
LOGO.IS,LOGO YAZILIM SANAYİ VE TİCARET A.Ş.,Other
LUKSK.IS,LÜKS KADİFE TİCARET VE SANAYİİ A.Ş.,Other
MAALT.IS,MARMARİS ALTINYUNUS TURİSTİK TESİSLER A.Ş.,Other
MACKO.IS,MACKOLİK İNTERNET HİZMETLERİ TİCARET A.Ş.,Other
MAGEN.IS,MARGÜN ENERJİ ÜRETİM SANAYİ VE TİCARET A.Ş.,Other
MAKIM.IS,MAKİM MAKİNA TEKNOLOJİLERİ SANAYİ VE TİCARET A.Ş.,Other
MAKTK.IS,MAKİNA TAKIM ENDÜSTRİSİ A.Ş.,Other
MANAS.IS,MANAS ENERJİ YÖNETİMİ SANAYİ VE TİCARET A.Ş.,Other
MARKA.IS,MARKA YATIRIM HOLDİNG A.Ş.,Other
MAVI.IS,MAVİ GİYİM SANAYİ VE TİCARET A.Ş.,Other
MEDTR.IS,MEDİTERA TIBBİ MALZEME SANAYİ VE TİCARET A.Ş.,Other
MEGAP.IS,MEGA POLİETİLEN KÖPÜK SANAYİ VE TİCARET A.Ş.,Other
MEPET.IS,MEPET METRO PETROL VE TESİSLERİ SANAYİ TİCARET A.Ş.,Other
MERCN.IS,MERCAN KİMYA SANAYİ VE TİCARET A.Ş.,Other
MERIT.IS,MERİT TURİZM YATIRIM VE İŞLETME A.Ş.,Other
METRO.IS,METRO TİCARİ VE MALİ YATIRIMLAR HOLDİNG A.Ş.,Other
METUR.IS,METEMTUR YATIRIM ENERJİ TURİZM VE İNŞAAT A.Ş.,Other
MGROS.IS,MİGROS TİCARET A.Ş.,Other
MIATK.IS,MİA TEKNOLOJİ A.Ş.,Other
MIPAZ.IS,MİLPA TİCARİ VE SINAİ ÜRÜNLER PAZARLAMA SANAYİ VE TİCARET A.Ş.,Other
MMCAS.IS,MMC SANAYİ VE TİCARİ YATIRIMLAR A.Ş.,Other
MNDRS.IS,MENDERES TEKSTİL SANAYİ VE TİCARET A.Ş.,Other
MNDTR.IS,MONDİ TURKEY OLUKLU MUKAVVA KAĞIT VE AMBALAJ SANAYİ A.Ş.,Other
MOBTL.IS,MOBİLTEL İLETİŞİM HİZMETLERİ SANAYİ VE TİCARET A.Ş.,Other
MPARK.IS,MLP SAĞLIK HİZMETLERİ A.Ş.,Other
MRSHL.IS,MARSHALL BOYA VE VERNİK SANAYİİ A.Ş.,Other
MSGYO.IS,MİSTRAL GAYRİMENKUL YATIRIM ORTAKLIĞI A.Ş.,Other
MTRKS.IS,MATRİKS BİLGİ DAĞITIM HİZMETLERİ A.Ş.,Other
MTRYO.IS,METRO YATIRIM ORTAKLIĞI A.Ş.,Other
MZHLD.IS,MAZHAR ZORLU HOLDİNG A.Ş.,Other
NATEN.IS,NATUREL YENİLENEBİLİR ENERJİ TİCARET A.Ş.,Other
NETAS.IS,NETAŞ TELEKOMÜNİKASYON A.Ş.,Other
NIBAS.IS,NİĞBAŞ NİĞDE BETON SANAYİ VE TİCARET A.Ş.,Other
NTGAZ.IS,NATURELGAZ SANAYİ VE TİCARET A.Ş.,Other
NTHOL.IS,NET HOLDİNG A.Ş.,Other
NUGYO.IS,NUROL GAYRİMENKUL YATIRIM ORTAKLIĞI A.Ş.,Other
NUHCM.IS,NUH ÇİMENTO SANAYİ A.Ş.,Other
OBASE.IS,OBASE BİLGİSAYAR VE DANIŞMANLIK HİZMETLERİ TİCARET A.Ş.,Other
ODAS.IS,ODAŞ ELEKTRİK ÜRETİM SANAYİ TİCARET A.Ş.,Other
OFSYM.IS,OFİS YEM GIDA SANAYİ TİCARET A.Ş.,Other
ONCSM.IS,ONCOSEM ONKOLOJİK SİSTEMLER SANAYİ VE TİCARET A.Ş.,Other
ORCAY.IS,ORÇAY ORTAKÖY ÇAY SANAYİ VE TİCARET A.Ş.,Other
ORGE.IS,ORGE ENERJİ ELEKTRİK TAAHHÜT A.Ş.,Other
ORMA.IS,ORMA ORMAN MAHSULLERİ İNTEGRE SANAYİ VE TİCARET A.Ş.,Other
OSMEN.IS,OSMANLI YATIRIM MENKUL DEĞERLER A.Ş.,Other
OSTIM.IS,OSTİM ENDÜSTRİYEL YATIRIMLAR VE İŞLETME A.Ş.,Other
OTKAR.IS,OTOKAR OTOMOTİV VE SAVUNMA SANAYİ A.Ş.,Other
OTTO.IS,OTTO HOLDİNG A.Ş.,Other
OYAKC.IS,OYAK ÇİMENTO FABRİKALARI A.Ş.,Other
OYAYO.IS,OYAK YATIRIM ORTAKLIĞI A.Ş.,Other
OYLUM.IS,OYLUM SINAİ YATIRIMLAR A.Ş.,Other
OYYAT.IS,OYAK YATIRIM MENKUL DEĞERLER A.Ş.,Other
OZGYO.IS,ÖZDERİCİ GAYRİMENKUL YATIRIM ORTAKLIĞI A.Ş.,Other
OZKGY.IS,ÖZAK GAYRİMENKUL YATIRIM ORTAKLIĞI A.Ş.,Other
OZRDN.IS,ÖZERDEN AMBALAJ SANAYİ A.Ş.,Other
OZSUB.IS,ÖZSU BALIK ÜRETİM A.Ş.,Other
PAGYO.IS,PANORA GAYRİMENKUL YATIRIM ORTAKLIĞI A.Ş.,Other
PAMEL.IS,PAMEL YENİLENEBİLİR ELEKTRİK ÜRETİM A.Ş.,Other
PAPIL.IS,PAPİLON SAVUNMA TEKNOLOJİ VE TİCARET A.Ş.,Other
PARSN.IS,PARSAN MAKİNA PARÇALARI SANAYİİ A.Ş.,Other
PASEU.IS,PASİFİK EURASİA LOJİSTİK DIŞ TİCARET A.Ş.,Other
PCILT.IS,PC İLETİŞİM VE MEDYA HİZMETLERİ SANAYİ TİCARET A.Ş.,Other
PEGYO.IS,PERA GAYRİMENKUL YATIRIM ORTAKLIĞI A.Ş.,Other
PEKGY.IS,PEKER GAYRİMENKUL YATIRIM ORTAKLIĞI A.Ş.,Other
PENGD.IS,PENGUEN GIDA SANAYİ A.Ş.,Other
PENTA.IS,PENTA TEKNOLOJİ ÜRÜNLERİ DAĞITIM TİCARET A.Ş.,Other
PETKM.IS,PETKİM PETROKİMYA HOLDİNG A.Ş.,Other
PETUN.IS,PINAR ENTEGRE ET VE UN SANAYİİ A.Ş.,Other
PGSUS.IS,PEGASUS HAVA TAŞIMACILIĞI A.Ş.,Other
PINSU.IS,PINAR SU VE İÇECEK SANAYİ VE TİCARET A.Ş.,Other
PKART.IS,PLASTİKKART AKILLI KART İLETİŞİM SİSTEMLERİ SANAYİ VE TİCARET A.Ş.,Other
PKENT.IS,PETROKENT TURİZM A.Ş.,Other
PLTUR.IS,PLATFORM TURİZM TAŞIMACILIK GIDA İNŞAAT TEMİZLİK HİZMETLERİ SANAYİ VE TİCARET A.Ş.,Other
PNLSN.IS,PANELSAN ÇATI CEPHE SİSTEMLERİ SANAYİ VE TİCARET A.Ş.,Other
PNSUT.IS,PINAR SÜT MAMULLERİ SANAYİİ A.Ş.,Other
POLHO.IS,POLİSAN HOLDİNG A.Ş.,Other
POLTK.IS,POLİTEKNİK METAL SANAYİ VE TİCARET A.Ş.,Other
PRDGS.IS,PARDUS GİRİŞİM SERMAYESİ YATIRIM ORTAKLIĞI A.Ş.,Other
PRKAB.IS,TÜRK PRYSMİAN KABLO VE SİSTEMLERİ A.Ş.,Other
PRKME.IS,PARK ELEKTRİK ÜRETİM MADENCİLİK SANAYİ VE TİCARET A.Ş.,Other
PRZMA.IS,PRİZMA PRES MATBAACILIK YAYINCILIK SANAYİ VE TİCARET A.Ş.,Other
PSDTC.IS,PERGAMON STATUS DIŞ TİCARET A.Ş.,Other
PSGYO.IS,PASİFİK GAYRİMENKUL YATIRIM ORTAKLIĞI A.Ş.,Other
QNBFB.IS,QNB FİNANSBANK A.Ş.,Other
QNBFL.IS,QNB FİNANS FİNANSAL KİRALAMA A.Ş.,Other
QUAGR.IS,QUA GRANITE HAYAL YAPI VE ÜRÜNLERİ SANAYİ TİCARET A.Ş.,Other
RALYH.IS,RAL YATIRIM HOLDİNG A.Ş.,Other
RAYSG.IS,RAY SİGORTA A.Ş.,Other
REEDR.IS,REEDER TEKNOLOJİ SANAYİ VE TİCARET A.Ş.,Other
RNPOL.IS,RAİNBOW POLİKARBONAT SANAYİ TİCARET A.Ş.,Other
RODRG.IS,RODRİGO TEKSTİL SANAYİ VE TİCARET A.Ş.,Other
RTALB.IS,RTA LABORATUVARLARI BİYOLOJİK ÜRÜNLER İLAÇ VE MAKİNE SANAYİ TİCARET A.Ş.,Other
RUBNS.IS,RUBENİS TEKSTİL SANAYİ TİCARET A.Ş.,Other
RYGYO.IS,REYSAŞ GAYRİMENKUL YATIRIM ORTAKLIĞI A.Ş.,Other
RYSAS.IS,REYSAŞ TAŞIMACILIK VE LOJİSTİK TİCARET A.Ş.,Other
SAFKR.IS,SAFKAR EGE SOĞUTMACILIK KLİMA SOĞUK HAVA TESİSLERİ İHRACAT İTHALAT SANAYİ VE TİCARET A.Ş.,Other
SAHOL.IS,HACI ÖMER SABANCI HOLDİNG A.Ş.,Other
SAMAT.IS,SARAY MATBAACILIK KAĞITÇILIK KIRTASİYECİLİK TİCARET VE SANAYİ A.Ş.,Other
SANEL.IS,SAN-EL MÜHENDİSLİK ELEKTRİK TAAHHÜT SANAYİ VE TİCARET A.Ş.,Other
SANFM.IS,SANİFOAM ENDÜSTRİ VE TÜKETİM ÜRÜNLERİ SANAYİ TİCARET A.Ş.,Other
SANKO.IS,SANKO PAZARLAMA İTHALAT İHRACAT A.Ş.,Other
SARKY.IS,SARKUYSAN ELEKTROLİTİK BAKIR SANAYİ VE TİCARET A.Ş.,Other
SASA.IS,SASA POLYESTER SANAYİ A.Ş.,Other
SAYAS.IS,SAY YENİLENEBİLİR ENERJİ EKİPMANLARI SANAYİ VE TİCARET A.Ş.,Other
SDTTR.IS,SDT UZAY VE SAVUNMA TEKNOLOJİLERİ A.Ş.,Other
SEGYO.IS,ŞEKER GAYRİMENKUL YATIRIM ORTAKLIĞI A.Ş.,Other
SEKFK.IS,ŞEKER FİNANSAL KİRALAMA A.Ş.,Other
SEKUR.IS,SEKURO PLASTİK AMBALAJ SANAYİ A.Ş.,Other
SELEC.IS,SELÇUK ECZA DEPOSU TİCARET VE SANAYİ A.Ş.,Other
SELGD.IS,SELÇUK GIDA ENDÜSTRİ İHRACAT İTHALAT A.Ş.,Other
SELVA.IS,SELVA GIDA SANAYİ A.Ş.,Other
SEYKM.IS,SEYİTLER KİMYA SANAYİ A.Ş.,Other
SILVR.IS,SİLVERLİNE ENDÜSTRİ VE TİCARET A.Ş.,Other
SISE.IS,TÜRKİYE ŞİŞE VE CAM FABRİKALARI A.Ş.,Other
SKBNK.IS,ŞEKERBANK T.A.Ş.,Other
SKTAS.IS,SÖKTAŞ TEKSTİL SANAYİ VE TİCARET A.Ş.,Other
SMART.IS,SMARTİKS YAZILIM A.Ş.,Other
SMRTG.IS,SMART GÜNEŞ ENERJİSİ TEKNOLOJİLERİ ARAŞTIRMA GELİŞTİRME ÜRETİM SANAYİ VE TİCARET A.Ş.,Other
SNGYO.IS,SİNPAŞ GAYRİMENKUL YATIRIM ORTAKLIĞI A.Ş.,Other
SNICA.IS,SANİCA ISI SANAYİ A.Ş.,Other
SNKRN.IS,SENKRON SİBER GÜVENLİK YAZILIM VE BİLİŞİM ÇÖZÜMLERİ A.Ş.,Other
SNPAM.IS,SÖNMEZ PAMUKLU SANAYİİ A.Ş.,Other
SODSN.IS,SODAŞ SODYUM SANAYİİ A.Ş.,Other
SOKE.IS,SÖKE DEĞİRMENCİLİK SANAYİ VE TİCARET A.Ş.,Other
SOKM.IS,ŞOK MARKETLER TİCARET A.Ş.,Other
SONME.IS,SÖNMEZ FİLAMENT SENTETİK İPLİK VE ELYAF SANAYİ A.Ş.,Other
SRVGY.IS,SERVET GAYRİMENKUL YATIRIM ORTAKLIĞI A.Ş.,Other
SUMAS.IS,SUMAŞ SUNİ TAHTA VE MOBİLYA SANAYİ A.Ş.,Other
SUNTK.IS,SUN TEKSTİL SANAYİ VE TİCARET A.Ş.,Other
SUWEN.IS,SUWEN TEKSTİL SANAYİ PAZARLAMA A.Ş.,Other
TARKM.IS,TARKİM BİTKİ KORUMA SANAYİ VE TİCARET A.Ş.,Other
TATEN.IS,TATLIPINAR ENERJİ ÜRETİM A.Ş.,Other
TATGD.IS,TAT GIDA SANAYİ A.Ş.,Other
TAVHL.IS,TAV HAVALİMANLARI HOLDİNG A.Ş.,Other
TBORG.IS,TÜRK TUBORG BİRA VE MALT SANAYİİ A.Ş.,Other
TCELL.IS,TURKCELL İLETİŞİM HİZMETLERİ A.Ş.,Other
TDGYO.IS,TREND GAYRİMENKUL YATIRIM ORTAKLIĞI A.Ş.,Other
TEKTU.IS,TEK-ART İNŞAAT TİCARET TURİZM SANAYİ VE YATIRIMLAR A.Ş.,Other
TERA.IS,TERA YATIRIM MENKUL DEĞERLER A.Ş.,Other
TETMT.IS,TETAMAT GIDA YATIRIMLARI A.Ş.,Other
TEZOL.IS,EUROPAP TEZOL KAĞIT SANAYİ VE TİCARET A.Ş.,Other
TGSAS.IS,TGS DIŞ TİCARET A.Ş.,Other
THYAO.IS,TÜRK HAVA YOLLARI A.O.,Other
TKFEN.IS,TEKFEN HOLDİNG A.Ş.,Other
TKNSA.IS,TEKNOSA İÇ VE DIŞ TİCARET A.Ş.,Other
TLMAN.IS,TRABZON LİMAN İŞLETMECİLİĞİ A.Ş.,Other
TMPOL.IS,TEMAPOL POLİMER PLASTİK VE İNŞAAT SANAYİ TİCARET A.Ş.,Other
TMSN.IS,TÜMOSAN MOTOR VE TRAKTÖR SANAYİ A.Ş.,Other
TNZTP.IS,TAPDİ OKSİJEN ÖZEL SAĞLIK VE EĞİTİM HİZMETLERİ SANAYİ TİCARET A.Ş.,Other
TOASO.IS,TOFAŞ TÜRK OTOMOBİL FABRİKASI A.Ş.,Other
TRCAS.IS,TURCAS PETROL A.Ş.,Other
TRGYO.IS,TORUNLAR GAYRİMENKUL YATIRIM ORTAKLIĞI A.Ş.,Other
TRILC.IS,TURK İLAÇ VE SERUM SANAYİ A.Ş.,Other
TSGYO.IS,TSKB GAYRİMENKUL YATIRIM ORTAKLIĞI A.Ş.,Other
TSKB.IS,TÜRKİYE SINAİ KALKINMA BANKASI A.Ş.,Other
TTKOM.IS,TÜRK TELEKOMÜNİKASYON A.Ş.,Other
TTRAK.IS,TÜRK TRAKTÖR VE ZİRAAT MAKİNELERİ A.Ş.,Other
TUCLK.IS,TUĞÇELİK ALÜMİNYUM VE METAL MAMÜLLERİ SANAYİ VE TİCARET A.Ş.,Other
TUKAS.IS,TUKAŞ GIDA SANAYİ VE TİCARET A.Ş.,Other
TUPRS.IS,TÜPRAŞ-TÜRKİYE PETROL RAFİNERİLERİ A.Ş.,Other
TUREX.IS,TUREKS TURİZM TAŞIMACILIK A.Ş.,Other
TURGG.IS,TÜRKER PROJE GAYRİMENKUL VE YATIRIM GELİŞTİRME A.Ş.,Other
TURSG.IS,TÜRKİYE SİGORTA A.Ş.,Other
UFUK.IS,UFUK YATIRIM YÖNETİM VE GAYRİMENKUL A.Ş.,Other
ULAS.IS,ULAŞLAR TURİZM ENERJİ TARIM GIDA VE İNŞAAT YATIRIMLARI A.Ş.,Other
ULKER.IS,ÜLKER BİSKÜVİ SANAYİ A.Ş.,Other
ULUFA.IS,ULUSAL FAKTORİNG A.Ş.,Other
ULUSE.IS,ULUSOY ELEKTRİK İMALAT TAAHHÜT VE TİCARET A.Ş.,Other
ULUUN.IS,ULUSOY UN SANAYİ VE TİCARET A.Ş.,Other
UMPAS.IS,UMPAŞ HOLDİNG A.Ş.,Other
UNLU.IS,ÜNLÜ YATIRIM HOLDİNG A.Ş.,Other
USAK.IS,UŞAK SERAMİK SANAYİ A.Ş.,Other
UZERB.IS,UZERTAŞ BOYA SANAYİ TİCARET VE YATIRIM A.Ş.,Other
VAKBN.IS,TÜRKİYE VAKIFLAR BANKASI T.A.O.,Other
VAKFN.IS,VAKIF FİNANSAL KİRALAMA A.Ş.,Other
VAKKO.IS,VAKKO TEKSTİL VE HAZIR GİYİM SANAYİ İŞLETMELERİ A.Ş.,Other
VANGD.IS,VANET GIDA SANAYİ İÇ VE DIŞ TİCARET A.Ş.,Other
VBTYZ.IS,VBT YAZILIM A.Ş.,Other
VERTU.IS,VERUSATURK GİRİŞİM SERMAYESİ YATIRIM ORTAKLIĞI A.Ş.,Other
VERUS.IS,VERUSA HOLDİNG A.Ş.,Other
VESBE.IS,VESTEL BEYAZ EŞYA SANAYİ VE TİCARET A.Ş.,Other
VESTL.IS,VESTEL ELEKTRONİK SANAYİ VE TİCARET A.Ş.,Other
VKFYO.IS,VAKIF MENKUL KIYMET YATIRIM ORTAKLIĞI A.Ş.,Other
VKGYO.IS,VAKIF GAYRİMENKUL YATIRIM ORTAKLIĞI A.Ş.,Other
VKING.IS,VİKİNG KAĞIT VE SELÜLOZ A.Ş.,Other
YAPRK.IS,YAPRAK SÜT VE BESİ ÇİFTLİKLERİ SANAYİ VE TİCARET A.Ş.,Other
YATAS.IS,YATAŞ YATAK VE YORGAN SANAYİ TİCARET A.Ş.,Other
YAYLA.IS,YAYLA ENERJİ ÜRETİM TURİZM VE İNŞAAT TİCARET A.Ş.,Other
YBTAS.IS,YİBİTAŞ YOZGAT İŞÇİ BİRLİĞİ İNŞAAT MALZEMELERİ TİCARET VE SANAYİ A.Ş.,Other
YEOTK.IS,YEO TEKNOLOJİ ENERJİ VE ENDÜSTRİ A.Ş.,Other
YESIL.IS,YEŞİL YATIRIM HOLDİNG A.Ş.,Other
YGGYO.IS,YENİ GİMAT GAYRİMENKUL YATIRIM ORTAKLIĞI A.Ş.,Other
YGYO.IS,YEŞİL GAYRİMENKUL YATIRIM ORTAKLIĞI A.Ş.,Other
YKBNK.IS,YAPI VE KREDİ BANKASI A.Ş.,Other
YKSLN.IS,YÜKSELEN ÇELİK A.Ş.,Other
YONGA.IS,YONGA MOBİLYA SANAYİ VE TİCARET A.Ş.,Other
YUNSA.IS,YÜNSA YÜNLÜ SANAYİ VE TİCARET A.Ş.,Other
YYAPI.IS,YEŞİL YAPI ENDÜSTRİSİ A.Ş.,Other
YYLGD.IS,YAYLA AGRO GIDA SANAYİ VE TİCARET A.Ş.,Other
ZEDUR.IS,ZEDUR ENERJİ ELEKTRİK ÜRETİM A.Ş.,Other
ZOREN.IS,ZORLU ENERJİ ELEKTRİK ÜRETİM A.Ş.,Other
ZRGYO.IS,ZİRAAT GAYRİMENKUL YATIRIM ORTAKLIĞI A.Ş.,Other
APX30.IS,Ak Portföy Bıst 30 Endeksi Hisse Senedi Yoğun Borsa Yatırım Fonu,Other
APBDL.IS,Ak Portföy Bıst Banka Dışı Likit 10 Endeksi Hisse Senedi Yoğun Borsa Yatırım Fonu,Other
APLIB.IS,Ak Portföy Bıst Likit Banka Endeksi Hisse Senedi Yoğun Borsa Yatırım Fonu,Other
OPX30.IS,Osmanlı Portföy Bıst 30 Endeksi Hisse Senedi Yoğun Borsa Yatırım Fonu,Other
GLDTR.IS,Qnb Finans Portföy Altın Katılım Borsa Yatırım Fonu,Other
USDTR.IS,Qnb Finans Portföy Amerikan Doları Yabancı Borsa Yatırım Fonu,Other
DJIST.IS,Qnb Finans Portföy Dow Jones İstanbul 20 Hisse Senedi Yoğun Borsa Yatırım Fonu,Other
GMSTR.IS,Qnb Finans Portföy Gümüş Katılım Borsa Yatırım Fonu,Other
ZGOLD.IS,Ziraat Portföy Altın Katılım Borsa Yatırım Fonu,Other
ZPX30.IS,Ziraat Portföy Bıst 30 Endeksi Hisse Senedi Yoğun Borsa Yatırım Fonu,Other
Z30EA.IS,Ziraat Portföy Bıst 30 Eşit Ağırlıklı Endeksi Hisse Senedi Yoğun Borsa Yatırım Fonu,Other
ZELOT.IS,Ziraat Portföy Bıst 50-30 Endeksi Hisse Senedi Yoğun Borsa Yatırım Fonu,Other
ZPBDL.IS,Ziraat Portföy Bıst Banka Dışı Likit 10 Endeksi Hisse Senedi Yoğun Borsa Yatırım Fonu,Other
ZPLIB.IS,Ziraat Portföy Bıst Likit Banka Endeksi Hisse Senedi Yoğun Borsa Yatırım Fonu,Other
ZSR25.IS,Ziraat Portföy Bıst Sürdürülebilirlik 25 Endeksi Hisse Senedi Yoğun Borsa Yatırım Fonu,Other
Z30KP.IS,Ziraat Portföy Katılım 30 Endeksi Hisse Senedi Yoğun Borsa Yatırım Fonu,Other
Z30KE.IS,Ziraat Portföy Katılım 30 Eşit Ağırlıklı Endeksi Hisse Senedi Yoğun Borsa Yatırım Fonu,Other
ZRE20.IS,Ziraat Portföy Risk Eşit Banka Dışı 20 Endeksi Hisse Senedi Yoğun Borsa Yatırım Fonu,Other
ZTM15.IS,Ziraat Portföy Yıldız Pazar Likit Temettü Endeksi Hisse Senedi Yoğun Borsa Yatırım Fonu,Other
ZPT10.IS,Ziraat Portföy Yıldız Pazar Teknoloji Ve İletişim 10 Endeksi Hisse Senedi Yoğun Borsa Yatırım Fonu,Other
