date,open,high,low,close,volume,dividends,stock_splits
2023-08-29 00:00:00+03:00,22.81999969482422,22.81999969482422,22.81999969482422,22.81999969482422,83490,0.0,0.0
2023-08-31 00:00:00+03:00,25.100000381469727,25.100000381469727,25.100000381469727,25.100000381469727,99693,0.0,0.0
2023-09-01 00:00:00+03:00,27.600000381469727,27.600000381469727,27.600000381469727,27.600000381469727,116369,0.0,0.0
2023-09-04 00:00:00+03:00,30.360000610351562,30.360000610351562,30.360000610351562,30.360000610351562,162344,0.0,0.0
2023-09-05 00:00:00+03:00,33.380001068115234,33.380001068115234,33.380001068115234,33.380001068115234,546414,0.0,0.0
2023-09-06 00:00:00+03:00,36.70000076293945,36.70000076293945,36.70000076293945,36.70000076293945,261732,0.0,0.0
2023-09-07 00:00:00+03:00,40.36000061035156,40.36000061035156,40.36000061035156,40.36000061035156,802928,0.0,0.0
2023-09-08 00:00:00+03:00,44.380001068115234,44.380001068115234,44.380001068115234,44.380001068115234,1277630,0.0,0.0
2023-09-11 00:00:00+03:00,48.79999923706055,48.79999923706055,46.400001525878906,48.79999923706055,131449100,0.0,0.0
2023-09-12 00:00:00+03:00,48.70000076293945,48.70000076293945,43.91999816894531,43.91999816894531,59021450,0.0,0.0
2023-09-13 00:00:00+03:00,39.540000915527344,42.599998474121094,39.540000915527344,39.540000915527344,48554060,0.0,0.0
2023-09-15 00:00:00+03:00,34.220001220703125,38.779998779296875,32.68000030517578,36.459999084472656,46149720,0.0,0.0
2023-09-18 00:00:00+03:00,35.70000076293945,35.70000076293945,32.81999969482422,32.81999969482422,18329390,0.0,0.0
2023-09-19 00:00:00+03:00,32.63999938964844,34.279998779296875,31.799999237060547,32.400001525878906,16552350,0.0,0.0
2023-09-20 00:00:00+03:00,32.41999816894531,32.86000061035156,30.200000762939453,30.6200008392334,10140320,0.0,0.0
2023-09-21 00:00:00+03:00,30.520000457763672,33.68000030517578,29.520000457763672,33.68000030517578,23122890,0.0,0.0
2023-09-22 00:00:00+03:00,33.68000030517578,34.279998779296875,32.119998931884766,32.15999984741211,13290190,0.0,0.0
2023-09-25 00:00:00+03:00,32.20000076293945,33.41999816894531,31.84000015258789,32.41999816894531,13457070,0.0,0.0
2023-09-26 00:00:00+03:00,32.52000045776367,32.560001373291016,31.219999313354492,31.219999313354492,7479894,0.0,0.0
2023-09-27 00:00:00+03:00,31.200000762939453,32.0,30.799999237060547,30.860000610351562,5417761,0.0,0.0
2023-09-28 00:00:00+03:00,30.84000015258789,31.719999313354492,30.31999969482422,30.899999618530273,7961901,0.0,0.0
2023-09-29 00:00:00+03:00,30.899999618530273,31.239999771118164,30.5,30.81999969482422,4862735,0.0,0.0
2023-10-02 00:00:00+03:00,30.860000610351562,32.68000030517578,30.760000228881836,31.799999237060547,9446048,0.0,0.0
2023-10-03 00:00:00+03:00,31.81999969482422,32.86000061035156,31.3799991607666,32.2599983215332,10547500,0.0,0.0
2023-10-04 00:00:00+03:00,32.5,35.060001373291016,32.29999923706055,33.18000030517578,13272130,0.0,0.0
2023-10-05 00:00:00+03:00,33.380001068115234,33.459999084472656,31.719999313354492,32.720001220703125,6479055,0.0,0.0
2023-10-06 00:00:00+03:00,32.0,33.34000015258789,31.780000686645508,32.68000030517578,7994588,0.0,0.0
2023-10-10 00:00:00+03:00,30.8799991607666,31.719999313354492,30.8799991607666,31.15999984741211,4063810,0.0,0.0
2023-10-11 00:00:00+03:00,31.15999984741211,32.400001525878906,30.899999618530273,31.139999389648438,10325320,0.0,0.0
2023-10-12 00:00:00+03:00,31.700000762939453,32.599998474121094,29.760000228881836,30.5,9268567,0.0,0.0
2023-10-13 00:00:00+03:00,30.5,32.2400016784668,28.979999542236328,30.059999465942383,8806441,0.0,0.0
2023-10-16 00:00:00+03:00,30.399999618530273,30.780000686645508,28.31999969482422,28.459999084472656,5220170,0.0,0.0
2023-10-17 00:00:00+03:00,28.5,29.079999923706055,28.020000457763672,29.020000457763672,3448924,0.0,0.0
2023-10-18 00:00:00+03:00,28.479999542236328,28.68000030517578,27.399999618530273,27.459999084472656,3121261,0.0,0.0
2023-10-19 00:00:00+03:00,27.479999542236328,28.139999389648438,26.65999984741211,26.700000762939453,4086637,0.0,0.0
2023-10-20 00:00:00+03:00,26.299999237060547,26.479999542236328,25.0,25.360000610351562,3560623,0.0,0.0
2023-10-23 00:00:00+03:00,25.760000228881836,26.639999389648438,25.100000381469727,25.799999237060547,4237383,0.0,0.0
2023-10-24 00:00:00+03:00,25.799999237060547,27.459999084472656,25.600000381469727,27.200000762939453,5204878,0.0,0.0
2023-10-25 00:00:00+03:00,27.299999237060547,27.5,24.739999771118164,24.739999771118164,4151403,0.0,0.0
2023-10-26 00:00:00+03:00,24.920000076293945,25.5,23.959999084472656,24.8799991607666,4497269,0.0,0.0
2023-10-27 00:00:00+03:00,24.920000076293945,25.440000534057617,24.200000762939453,24.799999237060547,3343487,0.0,0.0
2023-10-30 00:00:00+03:00,24.799999237060547,25.739999771118164,24.559999465942383,25.3799991607666,4399939,0.0,0.0
2023-10-31 00:00:00+03:00,25.5,25.739999771118164,24.719999313354492,24.899999618530273,3269705,0.0,0.0
2023-11-01 00:00:00+03:00,25.200000762939453,25.299999237060547,23.780000686645508,24.34000015258789,2965460,0.0,0.0
2023-11-02 00:00:00+03:00,24.459999084472656,24.920000076293945,24.31999969482422,24.360000610351562,3395528,0.0,0.0
2023-11-03 00:00:00+03:00,24.360000610351562,24.760000228881836,24.1200008392334,24.520000457763672,3440196,0.0,0.0
2023-11-06 00:00:00+03:00,24.65999984741211,26.959999084472656,24.65999984741211,26.959999084472656,6354384,0.0,0.0
2023-11-07 00:00:00+03:00,26.959999084472656,27.3799991607666,26.0,26.34000015258789,4847471,0.0,0.0
2023-11-08 00:00:00+03:00,26.700000762939453,28.959999084472656,26.540000915527344,28.959999084472656,10086810,0.0,0.0
2023-11-09 00:00:00+03:00,29.860000610351562,30.81999969482422,28.219999313354492,28.260000228881836,10076360,0.0,0.0
2023-11-10 00:00:00+03:00,28.440000534057617,31.079999923706055,27.739999771118164,31.079999923706055,8386354,0.0,0.0
2023-11-13 00:00:00+03:00,31.440000534057617,32.560001373291016,30.040000915527344,30.760000228881836,12227030,0.0,0.0
2023-11-14 00:00:00+03:00,30.920000076293945,31.299999237060547,28.979999542236328,29.239999771118164,4849144,0.0,0.0
2023-11-15 00:00:00+03:00,29.5,32.15999984741211,28.760000228881836,32.15999984741211,12163210,0.0,0.0
2023-11-16 00:00:00+03:00,33.0,33.84000015258789,31.0,31.0,14702780,0.0,0.0
2023-11-17 00:00:00+03:00,31.200000762939453,31.540000915527344,30.459999084472656,30.5,4859504,0.0,0.0
2023-11-20 00:00:00+03:00,30.639999389648438,31.479999542236328,30.399999618530273,30.5,5480865,0.0,0.0
2023-11-21 00:00:00+03:00,30.600000381469727,30.799999237060547,29.799999237060547,29.799999237060547,4339920,0.0,0.0
2023-11-22 00:00:00+03:00,29.799999237060547,30.6200008392334,29.68000030517578,30.0,4811663,0.0,0.0
2023-11-23 00:00:00+03:00,30.100000381469727,30.899999618530273,30.0,30.079999923706055,7217316,0.0,0.0
2023-11-24 00:00:00+03:00,30.15999984741211,32.47999954223633,29.700000762939453,31.219999313354492,11804090,0.0,0.0
2023-11-27 00:00:00+03:00,31.420000076293945,31.68000030517578,29.940000534057617,30.079999923706055,7036382,0.0,0.0
2023-11-28 00:00:00+03:00,30.139999389648438,30.31999969482422,28.959999084472656,29.040000915527344,4114013,0.0,0.0
2023-11-29 00:00:00+03:00,29.18000030517578,29.219999313354492,27.3799991607666,27.3799991607666,4853552,0.0,0.0
2023-11-30 00:00:00+03:00,27.3799991607666,28.139999389648438,27.260000228881836,27.559999465942383,2733255,0.0,0.0
2023-12-01 00:00:00+03:00,27.81999969482422,27.979999542236328,26.440000534057617,26.479999542236328,2669104,0.0,0.0
2023-12-04 00:00:00+03:00,26.479999542236328,27.34000015258789,26.200000762939453,26.440000534057617,3393402,0.0,0.0
2023-12-05 00:00:00+03:00,26.420000076293945,27.260000228881836,26.200000762939453,26.899999618530273,2610859,0.0,0.0
2023-12-06 00:00:00+03:00,26.899999618530273,27.100000381469727,25.020000457763672,25.600000381469727,3681798,0.0,0.0
2023-12-07 00:00:00+03:00,25.799999237060547,27.479999542236328,25.15999984741211,27.219999313354492,2716060,0.0,0.0
2023-12-08 00:00:00+03:00,27.219999313354492,28.079999923706055,26.81999969482422,27.600000381469727,3965404,0.0,0.0
2023-12-11 00:00:00+03:00,27.600000381469727,27.65999984741211,26.219999313354492,26.260000228881836,2519540,0.0,0.0
2023-12-12 00:00:00+03:00,26.260000228881836,26.459999084472656,25.479999542236328,25.719999313354492,2121374,0.0,0.0
2023-12-13 00:00:00+03:00,25.639999389648438,25.940000534057617,24.5,24.540000915527344,2334761,0.0,0.0
2023-12-14 00:00:00+03:00,24.84000015258789,25.3799991607666,24.0,25.34000015258789,2309251,0.0,0.0
2023-12-15 00:00:00+03:00,25.5,25.739999771118164,25.020000457763672,25.219999313354492,1619032,0.0,0.0
2023-12-18 00:00:00+03:00,25.18000030517578,25.280000686645508,23.5,23.579999923706055,2860466,0.0,0.0
2023-12-19 00:00:00+03:00,23.5,23.81999969482422,23.0,23.139999389648438,2019890,0.0,0.0
2023-12-20 00:00:00+03:00,23.34000015258789,24.3799991607666,22.239999771118164,22.299999237060547,1524020,0.0,0.0
2023-12-21 00:00:00+03:00,22.299999237060547,22.579999923706055,21.200000762939453,22.299999237060547,1221577,0.0,0.0
2023-12-22 00:00:00+03:00,22.299999237060547,22.6200008392334,21.739999771118164,21.899999618530273,1247036,0.0,0.0
2023-12-26 00:00:00+03:00,20.15999984741211,20.5,19.209999084472656,19.90999984741211,2260284,0.0,0.0
2023-12-27 00:00:00+03:00,19.90999984741211,20.34000015258789,19.670000076293945,19.719999313354492,1708367,0.0,0.0
2023-12-28 00:00:00+03:00,19.729999542236328,20.479999542236328,19.729999542236328,20.239999771118164,1081623,0.0,0.0
2023-12-29 00:00:00+03:00,20.239999771118164,21.15999984741211,20.219999313354492,21.139999389648438,1536323,0.0,0.0
2024-01-02 00:00:00+03:00,21.239999771118164,22.1200008392334,21.239999771118164,21.899999618530273,1336989,0.0,0.0
2024-01-03 00:00:00+03:00,22.0,22.040000915527344,19.709999084472656,19.709999084472656,6367314,0.0,0.0
2024-01-04 00:00:00+03:00,19.90999984741211,20.299999237060547,19.600000381469727,20.139999389648438,3835688,0.0,0.0
2024-01-05 00:00:00+03:00,20.040000915527344,20.799999237060547,19.940000534057617,20.479999542236328,3448968,0.0,0.0
2024-01-08 00:00:00+03:00,20.799999237060547,21.34000015258789,20.579999923706055,21.139999389648438,2201607,0.0,0.0
2024-01-09 00:00:00+03:00,21.139999389648438,21.18000030517578,20.459999084472656,20.579999923706055,1809046,0.0,0.0
2024-01-10 00:00:00+03:00,20.559999465942383,22.0,20.440000534057617,21.18000030517578,4408194,0.0,0.0
2024-01-11 00:00:00+03:00,21.31999969482422,23.0,21.040000915527344,22.0,6921080,0.0,0.0
2024-01-12 00:00:00+03:00,21.84000015258789,23.68000030517578,21.200000762939453,23.219999313354492,5384843,0.0,0.0
2024-01-15 00:00:00+03:00,23.34000015258789,24.799999237060547,23.139999389648438,24.420000076293945,4549831,0.0,0.0
2024-01-16 00:00:00+03:00,24.760000228881836,25.0,23.360000610351562,23.5,5839625,0.0,0.0
2024-01-17 00:00:00+03:00,23.479999542236328,24.81999969482422,23.260000228881836,24.440000534057617,4487340,0.0,0.0
2024-01-18 00:00:00+03:00,24.700000762939453,26.8799991607666,24.540000915527344,24.940000534057617,8425465,0.0,0.0
2024-01-19 00:00:00+03:00,25.0,25.68000030517578,24.1200008392334,25.079999923706055,4647335,0.0,0.0
2024-01-22 00:00:00+03:00,25.219999313354492,25.600000381469727,24.860000610351562,25.299999237060547,3304532,0.0,0.0
2024-01-25 00:00:00+03:00,25.299999237060547,26.18000030517578,25.0,25.780000686645508,4139384,0.0,0.0
2024-01-26 00:00:00+03:00,25.860000610351562,26.239999771118164,25.540000915527344,25.979999542236328,3914237,0.0,0.0
2024-01-29 00:00:00+03:00,26.299999237060547,26.860000610351562,25.579999923706055,25.719999313354492,4905608,0.0,0.0
2024-01-30 00:00:00+03:00,25.739999771118164,26.18000030517578,25.540000915527344,25.780000686645508,3434377,0.0,0.0
2024-01-31 00:00:00+03:00,25.780000686645508,26.8799991607666,25.5,26.799999237060547,5894104,0.0,0.0
2024-02-01 00:00:00+03:00,27.18000030517578,27.959999084472656,26.639999389648438,27.639999389648438,6229359,0.0,0.0
2024-02-02 00:00:00+03:00,27.639999389648438,28.520000457763672,27.3799991607666,27.600000381469727,5711094,0.0,0.0
2024-02-05 00:00:00+03:00,27.68000030517578,29.780000686645508,27.639999389648438,29.719999313354492,6917029,0.0,0.0
2024-02-06 00:00:00+03:00,29.719999313354492,30.299999237060547,28.799999237060547,29.899999618530273,5277391,0.0,0.0
2024-02-07 00:00:00+03:00,30.020000457763672,30.68000030517578,29.520000457763672,29.520000457763672,4633768,0.0,0.0
2024-02-08 00:00:00+03:00,29.520000457763672,29.84000015258789,28.559999465942383,28.579999923706055,3459945,0.0,0.0
2024-02-09 00:00:00+03:00,28.719999313354492,29.440000534057617,28.34000015258789,29.020000457763672,3581464,0.0,0.0
2024-02-12 00:00:00+03:00,29.100000381469727,30.059999465942383,27.739999771118164,27.8799991607666,10887780,0.0,0.0
2024-02-13 00:00:00+03:00,27.959999084472656,28.020000457763672,26.600000381469727,26.700000762939453,4947427,0.0,0.0
2024-02-14 00:00:00+03:00,26.719999313354492,26.979999542236328,26.239999771118164,26.84000015258789,3195752,0.0,0.0
2024-02-15 00:00:00+03:00,26.700000762939453,27.5,26.700000762939453,26.940000534057617,4176166,0.0,0.0
2024-02-16 00:00:00+03:00,27.260000228881836,27.3799991607666,26.719999313354492,26.84000015258789,3630194,0.0,0.0
2024-02-19 00:00:00+03:00,26.979999542236328,27.31999969482422,26.040000915527344,26.100000381469727,3932005,0.0,0.0
2024-02-20 00:00:00+03:00,26.139999389648438,27.219999313354492,25.899999618530273,26.899999618530273,4744089,0.0,0.0
2024-02-21 00:00:00+03:00,27.040000915527344,28.079999923706055,26.940000534057617,27.639999389648438,6228000,0.0,0.0
2024-02-22 00:00:00+03:00,27.8799991607666,28.6200008392334,27.15999984741211,28.299999237060547,4772901,0.0,0.0
2024-02-23 00:00:00+03:00,28.600000381469727,28.799999237060547,27.860000610351562,28.200000762939453,3892256,0.0,0.0
2024-02-26 00:00:00+03:00,28.200000762939453,29.100000381469727,28.1200008392334,28.440000534057617,3264593,0.0,0.0
2024-02-27 00:00:00+03:00,28.440000534057617,28.479999542236328,26.81999969482422,27.34000015258789,3916949,0.0,0.0
2024-02-28 00:00:00+03:00,27.31999969482422,28.059999465942383,27.040000915527344,27.1200008392334,3936678,0.0,0.0
2024-02-29 00:00:00+03:00,27.15999984741211,27.719999313354492,26.799999237060547,27.540000915527344,2865002,0.0,0.0
2024-03-01 00:00:00+03:00,27.6200008392334,29.5,27.559999465942383,28.940000534057617,7261848,0.0,0.0
2024-03-04 00:00:00+03:00,29.299999237060547,29.34000015258789,27.299999237060547,27.299999237060547,5778826,0.0,0.0
2024-03-05 00:00:00+03:00,27.579999923706055,28.040000915527344,27.200000762939453,27.34000015258789,3584993,0.0,0.0
2024-03-06 00:00:00+03:00,27.3799991607666,28.260000228881836,26.700000762939453,27.219999313354492,4977207,0.0,0.0
2024-03-07 00:00:00+03:00,27.219999313354492,28.399999618530273,27.219999313354492,28.15999984741211,4739385,0.0,0.0
2024-03-08 00:00:00+03:00,28.18000030517578,28.360000610351562,27.1200008392334,27.579999923706055,3362444,0.0,0.0
2024-03-11 00:00:00+03:00,27.739999771118164,28.399999618530273,27.239999771118164,27.239999771118164,3884029,0.0,0.0
2024-03-12 00:00:00+03:00,27.239999771118164,27.579999923706055,25.899999618530273,26.18000030517578,2953848,0.0,0.0
2024-03-13 00:00:00+03:00,26.280000686645508,26.579999923706055,25.399999618530273,25.940000534057617,1855766,0.0,0.0
2024-03-14 00:00:00+03:00,26.0,26.579999923706055,25.940000534057617,26.040000915527344,1659644,0.0,0.0
2024-03-15 00:00:00+03:00,26.079999923706055,26.399999618530273,25.65999984741211,25.65999984741211,1342749,0.0,0.0
2024-03-18 00:00:00+03:00,25.920000076293945,25.940000534057617,24.3799991607666,24.3799991607666,1983929,0.0,0.0
2024-03-19 00:00:00+03:00,24.34000015258789,25.0,23.920000076293945,24.299999237060547,1981043,0.0,0.0
2024-03-20 00:00:00+03:00,24.3799991607666,25.200000762939453,24.219999313354492,24.459999084472656,1786994,0.0,0.0
2024-03-21 00:00:00+03:00,24.600000381469727,24.84000015258789,23.020000457763672,23.020000457763672,3299002,0.0,0.0
2024-03-22 00:00:00+03:00,23.0,23.520000457763672,22.84000015258789,23.0,1803494,0.0,0.0
2024-03-25 00:00:00+03:00,23.040000915527344,23.299999237060547,22.760000228881836,22.760000228881836,1701323,0.0,0.0
2024-03-26 00:00:00+03:00,22.860000610351562,23.040000915527344,21.780000686645508,21.81999969482422,1742856,0.0,0.0
2024-03-27 00:00:00+03:00,21.940000534057617,22.600000381469727,21.700000762939453,22.239999771118164,1396872,0.0,0.0
2024-03-28 00:00:00+03:00,22.260000228881836,22.639999389648438,22.0,22.15999984741211,1892539,0.0,0.0
2024-03-29 00:00:00+03:00,22.299999237060547,23.520000457763672,22.15999984741211,23.280000686645508,1155002,0.0,0.0
2024-04-01 00:00:00+03:00,22.979999542236328,23.200000762939453,21.299999237060547,21.760000228881836,2107827,0.0,0.0
2024-04-02 00:00:00+03:00,21.8799991607666,22.31999969482422,21.239999771118164,21.420000076293945,1130399,0.0,0.0
2024-04-03 00:00:00+03:00,21.420000076293945,21.420000076293945,20.899999618530273,20.899999618530273,989812,0.0,0.0
2024-04-04 00:00:00+03:00,21.100000381469727,22.1200008392334,20.84000015258789,21.360000610351562,1631238,0.0,0.0
2024-04-05 00:00:00+03:00,21.040000915527344,22.100000381469727,21.040000915527344,22.059999465942383,1351429,0.0,0.0
2024-04-08 00:00:00+03:00,22.200000762939453,23.459999084472656,22.200000762939453,23.459999084472656,1147592,0.0,0.0
2024-04-09 00:00:00+03:00,23.440000534057617,23.6200008392334,22.739999771118164,23.440000534057617,706895,0.0,0.0
2024-04-15 00:00:00+03:00,23.0,23.639999389648438,22.899999618530273,23.0,1622900,0.0,0.0
2024-04-16 00:00:00+03:00,22.979999542236328,23.079999923706055,21.760000228881836,22.15999984741211,2113328,0.0,0.0
2024-04-17 00:00:00+03:00,22.219999313354492,22.540000915527344,21.739999771118164,21.899999618530273,2042245,0.0,0.0
2024-04-18 00:00:00+03:00,22.079999923706055,24.079999923706055,22.079999923706055,23.200000762939453,5707966,0.0,0.0
2024-04-19 00:00:00+03:00,22.760000228881836,24.059999465942383,22.579999923706055,23.940000534057617,2930492,0.0,0.0
2024-04-22 00:00:00+03:00,24.100000381469727,26.31999969482422,24.100000381469727,26.31999969482422,5192540,0.0,0.0
2024-04-24 00:00:00+03:00,26.420000076293945,27.420000076293945,25.860000610351562,25.940000534057617,5761009,0.0,0.0
2024-04-25 00:00:00+03:00,25.940000534057617,26.100000381469727,25.100000381469727,25.1200008392334,2608397,0.0,0.0
2024-04-26 00:00:00+03:00,25.139999389648438,25.5,24.5,24.760000228881836,1833647,0.0,0.0
2024-04-29 00:00:00+03:00,24.780000686645508,25.100000381469727,24.020000457763672,24.100000381469727,1861893,0.0,0.0
2024-04-30 00:00:00+03:00,24.100000381469727,24.360000610351562,23.139999389648438,23.280000686645508,1821198,0.0,0.0
2024-05-02 00:00:00+03:00,23.399999618530273,23.639999389648438,23.299999237060547,23.399999618530273,1617932,0.0,0.0
2024-05-03 00:00:00+03:00,23.479999542236328,24.040000915527344,23.360000610351562,23.760000228881836,2049508,0.0,0.0
2024-05-06 00:00:00+03:00,23.920000076293945,24.079999923706055,23.200000762939453,23.200000762939453,1926505,0.0,0.0
2024-05-07 00:00:00+03:00,23.260000228881836,23.600000381469727,22.700000762939453,23.0,1862893,0.0,0.0
2024-05-08 00:00:00+03:00,23.0,23.299999237060547,22.8799991607666,23.0,1328547,0.0,0.0
2024-05-09 00:00:00+03:00,23.200000762939453,23.719999313354492,22.899999618530273,23.399999618530273,2003921,0.0,0.0
2024-05-10 00:00:00+03:00,23.399999618530273,23.399999618530273,22.700000762939453,22.700000762939453,1570411,0.0,0.0
2024-05-13 00:00:00+03:00,22.700000762939453,22.799999237060547,22.0,22.0,1217961,0.0,0.0
2024-05-14 00:00:00+03:00,22.0,22.34000015258789,21.700000762939453,21.84000015258789,1970147,0.0,0.0
2024-05-15 00:00:00+03:00,21.84000015258789,23.059999465942383,21.780000686645508,22.600000381469727,1528035,0.0,0.0
2024-05-16 00:00:00+03:00,22.600000381469727,22.940000534057617,22.219999313354492,22.440000534057617,1297541,0.0,0.0
2024-05-17 00:00:00+03:00,22.5,22.68000030517578,22.139999389648438,22.479999542236328,1245349,0.0,0.0
2024-05-20 00:00:00+03:00,22.459999084472656,22.799999237060547,22.31999969482422,22.5,1872330,0.0,0.0
2024-05-21 00:00:00+03:00,22.899999618530273,22.899999618530273,21.940000534057617,21.940000534057617,1607403,0.0,0.0
2024-05-22 00:00:00+03:00,21.940000534057617,23.079999923706055,21.860000610351562,22.739999771118164,2594159,0.0,0.0
2024-05-23 00:00:00+03:00,22.739999771118164,23.260000228881836,22.34000015258789,22.68000030517578,2478998,0.0,0.0
2024-05-24 00:00:00+03:00,22.68000030517578,23.059999465942383,22.200000762939453,22.34000015258789,1896147,0.0,0.0
2024-05-27 00:00:00+03:00,22.459999084472656,23.18000030517578,22.280000686645508,22.420000076293945,2520392,0.0,0.0
2024-05-28 00:00:00+03:00,22.420000076293945,22.540000915527344,22.200000762939453,22.200000762939453,1178860,0.0,0.0
2024-05-29 00:00:00+03:00,22.200000762939453,22.299999237060547,20.799999237060547,21.299999237060547,1770978,0.0,0.0
2024-05-30 00:00:00+03:00,21.260000228881836,21.639999389648438,21.200000762939453,21.360000610351562,900103,0.0,0.0
2024-05-31 00:00:00+03:00,21.3799991607666,21.520000457763672,20.979999542236328,21.040000915527344,1203565,0.0,0.0
2024-06-03 00:00:00+03:00,21.059999465942383,21.15999984741211,20.68000030517578,20.68000030517578,1139785,0.0,0.0
2024-06-04 00:00:00+03:00,20.799999237060547,21.260000228881836,20.719999313354492,21.020000457763672,1063851,0.0,0.0
2024-06-05 00:00:00+03:00,21.420000076293945,21.420000076293945,20.420000076293945,20.639999389648438,1502776,0.0,0.0
2024-06-06 00:00:00+03:00,20.639999389648438,21.040000915527344,20.579999923706055,21.040000915527344,1094259,0.0,0.0
2024-06-07 00:00:00+03:00,21.040000915527344,21.040000915527344,20.65999984741211,20.780000686645508,1061519,0.0,0.0
2024-06-10 00:00:00+03:00,20.959999084472656,22.760000228881836,20.760000228881836,22.100000381469727,3207615,0.0,0.0
2024-06-11 00:00:00+03:00,22.100000381469727,22.100000381469727,21.0,21.15999984741211,2125629,0.0,0.0
2024-06-12 00:00:00+03:00,21.15999984741211,21.15999984741211,20.459999084472656,20.6200008392334,1368067,0.0,0.0
2024-06-13 00:00:00+03:00,20.760000228881836,21.260000228881836,20.739999771118164,21.059999465942383,841338,0.0,0.0
2024-06-14 00:00:00+03:00,21.040000915527344,21.399999618530273,20.5,21.280000686645508,1559854,0.0,0.0
2024-06-20 00:00:00+03:00,21.5,21.65999984741211,21.299999237060547,21.520000457763672,891708,0.0,0.0
2024-06-21 00:00:00+03:00,21.520000457763672,21.780000686645508,21.459999084472656,21.559999465942383,1218090,0.0,0.0
2024-06-24 00:00:00+03:00,21.559999465942383,22.059999465942383,21.559999465942383,21.68000030517578,1413601,0.0,0.0
2024-06-25 00:00:00+03:00,21.68000030517578,21.780000686645508,21.15999984741211,21.219999313354492,685338,0.0,0.0
2024-06-26 00:00:00+03:00,21.31999969482422,21.399999618530273,20.940000534057617,20.959999084472656,768794,0.0,0.0
2024-06-27 00:00:00+03:00,20.959999084472656,21.219999313354492,20.920000076293945,21.020000457763672,1001049,0.0,0.0
2024-06-28 00:00:00+03:00,21.020000457763672,21.239999771118164,20.799999237060547,20.81999969482422,1038957,0.0,0.0
2024-07-01 00:00:00+03:00,20.920000076293945,21.020000457763672,19.959999084472656,19.959999084472656,1155969,0.0,0.0
2024-07-02 00:00:00+03:00,20.0,20.34000015258789,19.920000076293945,20.139999389648438,837603,0.0,0.0
2024-07-03 00:00:00+03:00,20.139999389648438,20.799999237060547,20.100000381469727,20.559999465942383,1231021,0.0,0.0
2024-07-04 00:00:00+03:00,20.739999771118164,20.81999969482422,19.979999542236328,20.479999542236328,1509599,0.0,0.0
2024-07-05 00:00:00+03:00,20.5,20.860000610351562,20.399999618530273,20.559999465942383,1098352,0.0,0.0
2024-07-08 00:00:00+03:00,20.700000762939453,20.8799991607666,20.479999542236328,20.479999542236328,686595,0.0,0.0
2024-07-09 00:00:00+03:00,20.520000457763672,20.719999313354492,20.31999969482422,20.360000610351562,839560,0.0,0.0
2024-07-10 00:00:00+03:00,20.399999618530273,20.479999542236328,20.079999923706055,20.440000534057617,923010,0.0,0.0
2024-07-11 00:00:00+03:00,20.639999389648438,20.65999984741211,20.299999237060547,20.600000381469727,1395662,0.0,0.0
2024-07-12 00:00:00+03:00,20.68000030517578,20.719999313354492,20.420000076293945,20.540000915527344,1164163,0.0,0.0
2024-07-16 00:00:00+03:00,20.559999465942383,21.420000076293945,20.559999465942383,21.100000381469727,2050587,0.0,0.0
2024-07-17 00:00:00+03:00,21.18000030517578,22.280000686645508,20.959999084472656,22.059999465942383,2422234,0.0,0.0
2024-07-18 00:00:00+03:00,22.3799991607666,22.65999984741211,21.979999542236328,22.100000381469727,1690971,0.0,0.0
2024-07-19 00:00:00+03:00,22.200000762939453,22.219999313354492,21.559999465942383,21.920000076293945,1297024,0.0,0.0
2024-07-22 00:00:00+03:00,21.920000076293945,22.219999313354492,21.540000915527344,21.540000915527344,1267031,0.0,0.0
2024-07-23 00:00:00+03:00,21.739999771118164,21.799999237060547,21.280000686645508,21.559999465942383,1451985,0.0,0.0
2024-07-24 00:00:00+03:00,21.559999465942383,22.200000762939453,21.459999084472656,21.920000076293945,1880882,0.0,0.0
2024-07-25 00:00:00+03:00,22.020000457763672,22.3799991607666,21.700000762939453,21.940000534057617,1292625,0.0,0.0
2024-07-26 00:00:00+03:00,21.940000534057617,22.079999923706055,21.65999984741211,21.700000762939453,914536,0.0,0.0
2024-07-29 00:00:00+03:00,21.739999771118164,21.799999237060547,21.200000762939453,21.260000228881836,1113356,0.0,0.0
2024-07-30 00:00:00+03:00,21.31999969482422,21.559999465942383,21.020000457763672,21.059999465942383,1118877,0.0,0.0
2024-07-31 00:00:00+03:00,21.059999465942383,21.200000762939453,20.399999618530273,20.479999542236328,1233733,0.0,0.0
2024-08-01 00:00:00+03:00,20.579999923706055,21.459999084472656,20.520000457763672,21.399999618530273,1445871,0.0,0.0
2024-08-02 00:00:00+03:00,21.139999389648438,21.700000762939453,21.0,21.440000534057617,1018535,0.0,0.0
2024-08-05 00:00:00+03:00,20.979999542236328,20.979999542236328,19.350000381469727,19.670000076293945,1614810,0.0,0.0
2024-08-06 00:00:00+03:00,20.0,20.6200008392334,19.889999389648438,20.059999465942383,1758239,0.0,0.0
2024-08-07 00:00:00+03:00,20.479999542236328,20.6200008392334,19.940000534057617,20.6200008392334,814876,0.0,0.0
2024-08-08 00:00:00+03:00,20.6200008392334,21.920000076293945,20.559999465942383,20.799999237060547,1782004,0.0,0.0
2024-08-09 00:00:00+03:00,21.059999465942383,21.200000762939453,20.5,20.780000686645508,663336,0.0,0.0
2024-08-12 00:00:00+03:00,20.8799991607666,20.959999084472656,20.280000686645508,20.399999618530273,867345,0.0,0.0
2024-08-13 00:00:00+03:00,20.540000915527344,20.540000915527344,20.020000457763672,20.360000610351562,780970,0.0,0.0
2024-08-14 00:00:00+03:00,20.440000534057617,20.520000457763672,20.0,20.0,817292,0.0,0.0
2024-08-15 00:00:00+03:00,20.100000381469727,20.280000686645508,19.860000610351562,20.280000686645508,987664,0.0,0.0
2024-08-16 00:00:00+03:00,20.360000610351562,20.440000534057617,19.979999542236328,20.059999465942383,570185,0.0,0.0
2024-08-19 00:00:00+03:00,20.059999465942383,20.280000686645508,19.899999618530273,20.280000686645508,764943,0.0,0.0
2024-08-20 00:00:00+03:00,20.260000228881836,20.639999389648438,20.18000030517578,20.31999969482422,746543,0.0,0.0
2024-08-21 00:00:00+03:00,20.34000015258789,20.959999084472656,20.280000686645508,20.520000457763672,1305026,0.0,0.0
2024-08-22 00:00:00+03:00,20.559999465942383,20.84000015258789,20.18000030517578,20.31999969482422,901081,0.0,0.0
2024-08-23 00:00:00+03:00,20.34000015258789,20.3799991607666,19.8700008392334,19.920000076293945,1033290,0.0,0.0
2024-08-26 00:00:00+03:00,19.979999542236328,20.280000686645508,19.8799991607666,19.959999084472656,989352,0.0,0.0
2024-08-27 00:00:00+03:00,20.059999465942383,20.100000381469727,19.8799991607666,19.93000030517578,852506,0.0,0.0
2024-08-28 00:00:00+03:00,20.100000381469727,20.68000030517578,19.799999237060547,19.899999618530273,1961938,0.0,0.0
2024-08-29 00:00:00+03:00,19.979999542236328,20.020000457763672,19.850000381469727,19.90999984741211,612854,0.0,0.0
2024-09-02 00:00:00+03:00,19.989999771118164,20.079999923706055,19.920000076293945,19.969999313354492,929900,0.0,0.0
2024-09-03 00:00:00+03:00,19.979999542236328,21.760000228881836,19.969999313354492,21.0,3184096,0.0,0.0
2024-09-05 00:00:00+03:00,22.459999084472656,23.559999465942383,22.15999984741211,22.899999618530273,5512443,0.0,0.0
2024-09-06 00:00:00+03:00,23.5,23.5,21.8799991607666,21.959999084472656,2588677,0.0,0.0
2024-09-09 00:00:00+03:00,22.100000381469727,22.1200008392334,21.399999618530273,21.479999542236328,1549219,0.0,0.0
2024-09-10 00:00:00+03:00,21.440000534057617,21.479999542236328,20.3799991607666,20.920000076293945,1046740,0.0,0.0
2024-09-11 00:00:00+03:00,20.920000076293945,21.479999542236328,20.5,20.540000915527344,1443481,0.0,0.0
2024-09-12 00:00:00+03:00,20.579999923706055,20.799999237060547,20.15999984741211,20.459999084472656,1080308,0.0,0.0
2024-09-13 00:00:00+03:00,20.5,21.260000228881836,20.34000015258789,21.219999313354492,974824,0.0,0.0
2024-09-16 00:00:00+03:00,21.440000534057617,21.860000610351562,21.200000762939453,21.459999084472656,860089,0.0,0.0
2024-09-17 00:00:00+03:00,21.479999542236328,21.799999237060547,21.139999389648438,21.31999969482422,917863,0.0,0.0
2024-09-18 00:00:00+03:00,21.31999969482422,22.139999389648438,21.18000030517578,22.0,1328440,0.0,0.0
2024-09-19 00:00:00+03:00,22.079999923706055,22.280000686645508,21.68000030517578,21.899999618530273,1689836,0.0,0.0
2024-09-20 00:00:00+03:00,21.899999618530273,22.0,21.6200008392334,21.639999389648438,570877,0.0,0.0
2024-09-23 00:00:00+03:00,21.65999984741211,21.920000076293945,21.360000610351562,21.579999923706055,970418,0.0,0.0
2024-09-24 00:00:00+03:00,21.600000381469727,21.68000030517578,21.1200008392334,21.200000762939453,780690,0.0,0.0
2024-09-25 00:00:00+03:00,21.200000762939453,21.299999237060547,20.5,20.760000228881836,1035070,0.0,0.0
2024-09-26 00:00:00+03:00,20.780000686645508,20.8799991607666,20.299999237060547,20.299999237060547,809877,0.0,0.0
2024-09-27 00:00:00+03:00,20.299999237060547,20.760000228881836,20.100000381469727,20.440000534057617,1125669,0.0,0.0
2024-09-30 00:00:00+03:00,20.440000534057617,22.0,19.90999984741211,20.219999313354492,2577531,0.0,0.0
2024-10-01 00:00:00+03:00,20.219999313354492,20.3799991607666,19.850000381469727,19.979999542236328,1728860,0.0,0.0
2024-10-02 00:00:00+03:00,19.979999542236328,20.200000762939453,19.059999465942383,19.100000381469727,762292,0.0,0.0
2024-10-03 00:00:00+03:00,19.110000610351562,19.639999389648438,19.110000610351562,19.280000686645508,840815,0.0,0.0
2024-10-04 00:00:00+03:00,19.31999969482422,19.950000762939453,19.190000534057617,19.770000457763672,658186,0.0,0.0
2024-10-07 00:00:00+03:00,19.770000457763672,19.989999771118164,19.520000457763672,19.610000610351562,621136,0.0,0.0
2024-10-08 00:00:00+03:00,19.59000015258789,19.690000534057617,19.31999969482422,19.31999969482422,467298,0.0,0.0
2024-10-09 00:00:00+03:00,19.31999969482422,19.579999923706055,19.139999389648438,19.280000686645508,555788,0.0,0.0
2024-10-10 00:00:00+03:00,19.280000686645508,20.700000762939453,19.280000686645508,20.219999313354492,2288456,0.0,0.0
2024-10-11 00:00:00+03:00,20.219999313354492,22.239999771118164,19.8700008392334,21.100000381469727,6397780,0.0,0.0
2024-10-14 00:00:00+03:00,21.100000381469727,22.100000381469727,20.8799991607666,21.84000015258789,3858516,0.0,0.0
2024-10-15 00:00:00+03:00,22.0,22.15999984741211,21.3799991607666,21.719999313354492,2519950,0.0,0.0
2024-10-16 00:00:00+03:00,21.719999313354492,23.079999923706055,21.299999237060547,21.299999237060547,4963839,0.0,0.0
2024-10-17 00:00:00+03:00,21.31999969482422,22.399999618530273,21.31999969482422,22.040000915527344,4445183,0.0,0.0
2024-10-18 00:00:00+03:00,22.399999618530273,22.540000915527344,21.799999237060547,21.940000534057617,3019007,0.0,0.0
2024-10-21 00:00:00+03:00,21.940000534057617,23.979999542236328,21.920000076293945,23.700000762939453,7850912,0.0,0.0
2024-10-22 00:00:00+03:00,23.739999771118164,23.899999618530273,22.6200008392334,22.81999969482422,3623590,0.0,0.0
2024-10-23 00:00:00+03:00,22.81999969482422,22.899999618530273,21.81999969482422,22.0,3595732,0.0,0.0
2024-10-24 00:00:00+03:00,22.0,23.239999771118164,22.0,22.65999984741211,4207935,0.0,0.0
2024-10-25 00:00:00+03:00,22.899999618530273,23.059999465942383,22.5,22.719999313354492,2189166,0.0,0.0
2024-10-28 00:00:00+03:00,22.719999313354492,23.65999984741211,22.719999313354492,23.020000457763672,2008492,0.0,0.0
2024-10-30 00:00:00+03:00,23.139999389648438,23.940000534057617,23.139999389648438,23.68000030517578,4230732,0.0,0.0
2024-10-31 00:00:00+03:00,23.68000030517578,23.940000534057617,22.860000610351562,22.959999084472656,3686664,0.0,0.0
2024-11-01 00:00:00+03:00,22.979999542236328,24.5,22.979999542236328,24.5,4762405,0.0,0.0
2024-11-04 00:00:00+03:00,24.299999237060547,25.239999771118164,23.639999389648438,24.979999542236328,9177105,0.0,0.0
2024-11-05 00:00:00+03:00,25.299999237060547,26.0,24.579999923706055,25.34000015258789,9166326,0.0,0.0
2024-11-06 00:00:00+03:00,25.899999618530273,25.959999084472656,24.799999237060547,25.31999969482422,6331287,0.0,0.0
2024-11-07 00:00:00+03:00,25.65999984741211,26.200000762939453,24.979999542236328,26.020000457763672,6299402,0.0,0.0
2024-11-08 00:00:00+03:00,25.979999542236328,26.34000015258789,25.31999969482422,26.0,5392100,0.0,0.0
2024-11-11 00:00:00+03:00,25.700000762939453,26.040000915527344,25.440000534057617,25.440000534057617,3637985,0.0,0.0
2024-11-12 00:00:00+03:00,25.5,25.65999984741211,24.31999969482422,24.860000610351562,3793142,0.0,0.0
2024-11-13 00:00:00+03:00,24.860000610351562,24.979999542236328,23.799999237060547,23.799999237060547,3933621,0.0,0.0
2024-11-14 00:00:00+03:00,24.0,24.360000610351562,23.8799991607666,24.299999237060547,2513291,0.0,0.0
2024-11-15 00:00:00+03:00,24.3799991607666,24.8799991607666,24.239999771118164,24.65999984741211,2821503,0.0,0.0
2024-11-18 00:00:00+03:00,24.65999984741211,24.739999771118164,23.760000228881836,23.760000228881836,2191742,0.0,0.0
2024-11-19 00:00:00+03:00,23.760000228881836,23.979999542236328,23.059999465942383,23.34000015258789,2336538,0.0,0.0
2024-11-20 00:00:00+03:00,23.399999618530273,24.399999618530273,23.31999969482422,23.520000457763672,3804914,0.0,0.0
2024-11-21 00:00:00+03:00,23.520000457763672,24.200000762939453,23.299999237060547,24.040000915527344,2220535,0.0,0.0
2024-11-22 00:00:00+03:00,24.059999465942383,24.219999313354492,23.459999084472656,23.8799991607666,1938864,0.0,0.0
2024-11-25 00:00:00+03:00,24.100000381469727,24.520000457763672,23.520000457763672,23.579999923706055,3085090,0.0,0.0
2024-11-26 00:00:00+03:00,23.600000381469727,23.860000610351562,23.100000381469727,23.139999389648438,2148945,0.0,0.0
2024-11-27 00:00:00+03:00,23.31999969482422,23.459999084472656,23.0,23.360000610351562,2029750,0.0,0.0
2024-11-28 00:00:00+03:00,23.360000610351562,23.84000015258789,23.260000228881836,23.559999465942383,2494936,0.0,0.0
2024-11-29 00:00:00+03:00,23.5,23.68000030517578,23.260000228881836,23.68000030517578,1534229,0.0,0.0
2024-12-02 00:00:00+03:00,23.5,23.579999923706055,23.200000762939453,23.399999618530273,2150683,0.0,0.0
2024-12-03 00:00:00+03:00,23.459999084472656,24.239999771118164,23.399999618530273,23.920000076293945,3808354,0.0,0.0
2024-12-04 00:00:00+03:00,24.1200008392334,24.799999237060547,23.959999084472656,24.079999923706055,4156122,0.0,0.0
2024-12-05 00:00:00+03:00,24.100000381469727,24.31999969482422,23.65999984741211,23.68000030517578,2850673,0.0,0.0
2024-12-06 00:00:00+03:00,23.700000762939453,24.31999969482422,23.600000381469727,23.719999313354492,1964054,0.0,0.0
2024-12-09 00:00:00+03:00,23.799999237060547,24.34000015258789,23.780000686645508,24.15999984741211,2519499,0.0,0.0
2024-12-10 00:00:00+03:00,24.239999771118164,24.239999771118164,23.440000534057617,23.479999542236328,1952323,0.0,0.0
2024-12-11 00:00:00+03:00,23.540000915527344,23.760000228881836,23.1200008392334,23.15999984741211,1497258,0.0,0.0
2024-12-12 00:00:00+03:00,23.239999771118164,23.540000915527344,23.079999923706055,23.139999389648438,1228588,0.0,0.0
2024-12-13 00:00:00+03:00,23.239999771118164,23.65999984741211,23.0,23.600000381469727,1165109,0.0,0.0
2024-12-16 00:00:00+03:00,23.639999389648438,24.559999465942383,23.559999465942383,24.299999237060547,3905538,0.0,0.0
2024-12-17 00:00:00+03:00,24.299999237060547,24.360000610351562,23.459999084472656,23.719999313354492,1763009,0.0,0.0
2024-12-18 00:00:00+03:00,23.780000686645508,23.860000610351562,23.299999237060547,23.299999237060547,1293653,0.0,0.0
2024-12-19 00:00:00+03:00,23.31999969482422,23.5,22.079999923706055,22.219999313354492,3067651,0.0,0.0
2024-12-20 00:00:00+03:00,22.299999237060547,22.3799991607666,21.739999771118164,22.040000915527344,1696384,0.0,0.0
2024-12-23 00:00:00+03:00,22.100000381469727,22.399999618530273,21.899999618530273,21.920000076293945,1116249,0.0,0.0
2024-12-24 00:00:00+03:00,22.239999771118164,22.479999542236328,21.719999313354492,22.0,1153275,0.0,0.0
2024-12-25 00:00:00+03:00,22.479999542236328,22.479999542236328,22.139999389648438,22.420000076293945,736332,0.0,0.0
2024-12-26 00:00:00+03:00,22.420000076293945,22.860000610351562,22.200000762939453,22.219999313354492,1896032,0.0,0.0
2024-12-27 00:00:00+03:00,22.239999771118164,22.420000076293945,22.139999389648438,22.420000076293945,1310838,0.0,0.0
2024-12-30 00:00:00+03:00,22.579999923706055,22.639999389648438,22.200000762939453,22.219999313354492,1208987,0.0,0.0
2024-12-31 00:00:00+03:00,22.239999771118164,22.31999969482422,21.780000686645508,22.0,1275713,0.0,0.0
2025-01-02 00:00:00+03:00,22.079999923706055,22.399999618530273,21.8799991607666,22.18000030517578,2198195,0.0,0.0
2025-01-03 00:00:00+03:00,22.18000030517578,22.639999389648438,22.079999923706055,22.600000381469727,1889386,0.0,0.0
2025-01-06 00:00:00+03:00,22.84000015258789,23.280000686645508,22.760000228881836,23.18000030517578,1965807,0.0,0.0
2025-01-07 00:00:00+03:00,23.219999313354492,23.31999969482422,22.799999237060547,22.920000076293945,1102539,0.0,0.0
2025-01-08 00:00:00+03:00,22.940000534057617,22.959999084472656,22.299999237060547,22.299999237060547,1172067,0.0,0.0
2025-01-09 00:00:00+03:00,22.420000076293945,22.479999542236328,22.15999984741211,22.31999969482422,922365,0.0,0.0
2025-01-10 00:00:00+03:00,22.440000534057617,22.440000534057617,21.639999389648438,21.68000030517578,1792075,0.0,0.0
2025-01-13 00:00:00+03:00,21.68000030517578,21.68000030517578,20.899999618530273,20.899999618530273,1937065,0.0,0.0
2025-01-14 00:00:00+03:00,21.0,21.15999984741211,20.600000381469727,20.739999771118164,1161627,0.0,0.0
2025-01-15 00:00:00+03:00,20.84000015258789,20.940000534057617,20.520000457763672,20.780000686645508,710720,0.0,0.0
2025-01-16 00:00:00+03:00,20.81999969482422,21.040000915527344,20.719999313354492,20.920000076293945,623980,0.0,0.0
2025-01-17 00:00:00+03:00,21.0,21.020000457763672,20.719999313354492,21.020000457763672,712782,0.0,0.0
2025-01-20 00:00:00+03:00,21.219999313354492,21.219999313354492,20.920000076293945,21.020000457763672,801749,0.0,0.0
2025-01-21 00:00:00+03:00,21.139999389648438,21.139999389648438,20.81999969482422,21.0,554810,0.0,0.0
2025-01-22 00:00:00+03:00,21.139999389648438,21.139999389648438,20.860000610351562,21.0,571933,0.0,0.0
2025-01-23 00:00:00+03:00,21.15999984741211,21.440000534057617,20.940000534057617,21.020000457763672,1224029,0.0,0.0
2025-01-24 00:00:00+03:00,21.059999465942383,21.059999465942383,20.760000228881836,20.920000076293945,1100235,0.0,0.0
2025-01-27 00:00:00+03:00,20.799999237060547,20.799999237060547,20.040000915527344,20.520000457763672,875923,0.0,0.0
2025-01-28 00:00:00+03:00,20.520000457763672,20.520000457763672,20.3799991607666,20.440000534057617,555761,0.0,0.0
2025-01-29 00:00:00+03:00,20.479999542236328,20.5,20.1200008392334,20.239999771118164,537048,0.0,0.0
2025-01-30 00:00:00+03:00,20.3799991607666,20.3799991607666,20.18000030517578,20.18000030517578,570496,0.0,0.0
2025-01-31 00:00:00+03:00,20.239999771118164,20.5,20.079999923706055,20.420000076293945,755909,0.0,0.0
2025-02-03 00:00:00+03:00,20.239999771118164,20.3799991607666,19.8700008392334,20.139999389648438,689825,0.0,0.0
2025-02-04 00:00:00+03:00,20.139999389648438,20.219999313354492,19.989999771118164,20.059999465942383,532066,0.0,0.0
2025-02-05 00:00:00+03:00,20.020000457763672,20.079999923706055,19.56999969482422,19.6200008392334,977826,0.0,0.0
2025-02-06 00:00:00+03:00,19.670000076293945,20.020000457763672,19.670000076293945,19.920000076293945,806649,0.0,0.0
2025-02-07 00:00:00+03:00,19.950000762939453,19.989999771118164,19.719999313354492,19.989999771118164,661584,0.0,0.0
2025-02-10 00:00:00+03:00,20.040000915527344,20.079999923706055,19.889999389648438,20.059999465942383,552237,0.0,0.0
2025-02-11 00:00:00+03:00,20.15999984741211,20.239999771118164,19.90999984741211,20.059999465942383,429529,0.0,0.0
2025-02-12 00:00:00+03:00,20.079999923706055,20.1200008392334,19.6200008392334,19.729999542236328,708856,0.0,0.0
2025-02-13 00:00:00+03:00,19.780000686645508,19.81999969482422,19.600000381469727,19.690000534057617,656778,0.0,0.0
2025-02-14 00:00:00+03:00,19.719999313354492,19.719999313354492,19.530000686645508,19.700000762939453,542490,0.0,0.0
2025-02-17 00:00:00+03:00,19.709999084472656,19.8700008392334,19.6299991607666,19.700000762939453,597610,0.0,0.0
2025-02-18 00:00:00+03:00,19.75,19.75,19.43000030517578,19.700000762939453,668016,0.0,0.0
2025-02-19 00:00:00+03:00,19.670000076293945,19.729999542236328,19.350000381469727,19.389999389648438,775604,0.0,0.0
2025-02-20 00:00:00+03:00,19.510000228881836,19.899999618530273,19.399999618530273,19.75,926461,0.0,0.0
2025-02-21 00:00:00+03:00,19.780000686645508,20.799999237060547,19.579999923706055,19.799999237060547,1616987,0.0,0.0
2025-02-24 00:00:00+03:00,19.950000762939453,20.239999771118164,19.799999237060547,19.959999084472656,961297,0.0,0.0
2025-02-25 00:00:00+03:00,19.969999313354492,19.989999771118164,19.399999618530273,19.399999618530273,618547,0.0,0.0
2025-02-26 00:00:00+03:00,19.399999618530273,19.549999237060547,19.350000381469727,19.3799991607666,529545,0.0,0.0
2025-02-27 00:00:00+03:00,19.3799991607666,19.610000610351562,19.3799991607666,19.510000228881836,349831,0.0,0.0
2025-02-28 00:00:00+03:00,19.510000228881836,19.559999465942383,19.399999618530273,19.5,370887,0.0,0.0
2025-03-03 00:00:00+03:00,19.709999084472656,20.020000457763672,19.510000228881836,19.780000686645508,664582,0.0,0.0
2025-03-04 00:00:00+03:00,19.729999542236328,19.729999542236328,19.190000534057617,19.329999923706055,661207,0.0,0.0
2025-03-05 00:00:00+03:00,19.329999923706055,19.5,19.329999923706055,19.43000030517578,1033115,0.0,0.0
2025-03-06 00:00:00+03:00,19.510000228881836,19.8799991607666,19.489999771118164,19.850000381469727,1314187,0.0,0.0
2025-03-07 00:00:00+03:00,19.860000610351562,20.299999237060547,19.709999084472656,20.219999313354492,978584,0.0,0.0
2025-03-10 00:00:00+03:00,20.360000610351562,21.1200008392334,20.360000610351562,20.700000762939453,2197301,0.0,0.0
2025-03-11 00:00:00+03:00,20.700000762939453,20.760000228881836,20.18000030517578,20.299999237060547,856383,0.0,0.0
2025-03-12 00:00:00+03:00,20.799999237060547,20.799999237060547,20.34000015258789,20.559999465942383,907073,0.0,0.0
2025-03-13 00:00:00+03:00,20.520000457763672,22.600000381469727,19.5,21.399999618530273,3435180,0.0,0.0
2025-03-14 00:00:00+03:00,21.440000534057617,21.940000534057617,21.31999969482422,21.700000762939453,1552998,0.0,0.0
2025-03-17 00:00:00+03:00,21.68000030517578,21.8799991607666,20.65999984741211,21.719999313354492,1287025,0.0,0.0
2025-03-18 00:00:00+03:00,21.719999313354492,21.719999313354492,21.360000610351562,21.360000610351562,866051,0.0,0.0
2025-03-19 00:00:00+03:00,20.5,20.5,19.25,19.270000457763672,1495807,0.0,0.0
2025-03-20 00:00:00+03:00,19.260000228881836,19.979999542236328,19.100000381469727,19.510000228881836,1251947,0.0,0.0
2025-03-21 00:00:00+03:00,19.31999969482422,19.3799991607666,17.799999237060547,17.90999984741211,1026633,0.0,0.0
2025-03-24 00:00:00+03:00,17.90999984741211,19.309999465942383,17.25,18.90999984741211,1482756,0.0,0.0
2025-03-25 00:00:00+03:00,18.920000076293945,19.530000686645508,18.8700008392334,19.299999237060547,669674,0.0,0.0
2025-03-26 00:00:00+03:00,19.299999237060547,19.719999313354492,19.06999969482422,19.299999237060547,708092,0.0,0.0
2025-03-27 00:00:00+03:00,19.6200008392334,19.799999237060547,18.639999389648438,19.729999542236328,896181,0.0,0.0
2025-03-28 00:00:00+03:00,19.729999542236328,20.059999465942383,19.459999084472656,20.059999465942383,604441,0.0,0.0
2025-04-02 00:00:00+03:00,20.059999465942383,20.84000015258789,20.020000457763672,20.6200008392334,1175612,0.0,0.0
2025-04-03 00:00:00+03:00,20.700000762939453,21.260000228881836,20.700000762939453,20.920000076293945,1596279,0.0,0.0
2025-04-04 00:00:00+03:00,20.979999542236328,21.139999389648438,20.520000457763672,20.84000015258789,980828,0.0,0.0
2025-04-07 00:00:00+03:00,20.760000228881836,20.760000228881836,19.8799991607666,20.34000015258789,908100,0.0,0.0
2025-04-08 00:00:00+03:00,20.5,20.579999923706055,20.100000381469727,20.440000534057617,1097250,0.0,0.0
2025-04-09 00:00:00+03:00,20.34000015258789,20.360000610351562,20.0,20.020000457763672,845215,0.0,0.0
2025-04-10 00:00:00+03:00,20.420000076293945,20.579999923706055,20.200000762939453,20.280000686645508,773982,0.0,0.0
2025-04-11 00:00:00+03:00,20.280000686645508,20.34000015258789,20.059999465942383,20.200000762939453,679908,0.0,0.0
2025-04-14 00:00:00+03:00,20.520000457763672,20.719999313354492,20.280000686645508,20.420000076293945,851277,0.0,0.0
2025-04-15 00:00:00+03:00,20.420000076293945,20.479999542236328,20.15999984741211,20.219999313354492,615252,0.0,0.0
2025-04-16 00:00:00+03:00,20.219999313354492,20.219999313354492,19.290000915527344,19.399999618530273,876079,0.0,0.0
2025-04-17 00:00:00+03:00,19.540000915527344,19.6299991607666,19.1200008392334,19.31999969482422,1057440,0.0,0.0
2025-04-18 00:00:00+03:00,19.34000015258789,19.360000610351562,18.799999237060547,18.979999542236328,838532,0.0,0.0
2025-04-21 00:00:00+03:00,19.020000457763672,19.1200008392334,18.549999237060547,18.56999969482422,1150311,0.0,0.0
2025-04-22 00:00:00+03:00,18.600000381469727,18.68000030517578,18.059999465942383,18.299999237060547,1065539,0.0,0.0
2025-04-24 00:00:00+03:00,18.299999237060547,18.690000534057617,18.200000762939453,18.610000610351562,660815,0.0,0.0
2025-04-25 00:00:00+03:00,18.610000610351562,18.770000457763672,18.5,18.6299991607666,731841,0.0,0.0
2025-04-28 00:00:00+03:00,18.649999618530273,20.200000762939453,18.540000915527344,19.1200008392334,1929445,0.0,0.0
2025-04-29 00:00:00+03:00,19.1200008392334,19.190000534057617,18.899999618530273,18.899999618530273,428932,0.0,0.0
2025-04-30 00:00:00+03:00,18.940000534057617,18.940000534057617,18.600000381469727,18.600000381469727,546317,0.0,0.0
2025-05-02 00:00:00+03:00,18.600000381469727,19.309999465942383,18.399999618530273,19.079999923706055,1387152,0.0,0.0
2025-05-05 00:00:00+03:00,19.1299991607666,20.760000228881836,19.1299991607666,20.040000915527344,3426884,0.0,0.0
2025-05-06 00:00:00+03:00,20.040000915527344,21.8799991607666,20.040000915527344,21.700000762939453,4676437,0.0,0.0
2025-05-07 00:00:00+03:00,21.700000762939453,22.459999084472656,20.940000534057617,21.079999923706055,4780701,0.0,0.0
2025-05-08 00:00:00+03:00,21.079999923706055,21.579999923706055,20.639999389648438,20.940000534057617,2232790,0.0,0.0
2025-05-09 00:00:00+03:00,20.940000534057617,22.15999984741211,20.34000015258789,22.020000457763672,3396213,0.0,0.0
2025-05-12 00:00:00+03:00,22.1200008392334,23.5,22.1200008392334,23.440000534057617,3891909,0.0,0.0
2025-05-13 00:00:00+03:00,23.299999237060547,24.440000534057617,22.219999313354492,23.440000534057617,4585786,0.0,0.0
2025-05-14 00:00:00+03:00,23.3799991607666,24.299999237060547,23.079999923706055,23.239999771118164,2427842,0.0,0.0
2025-05-15 00:00:00+03:00,23.760000228881836,23.760000228881836,22.260000228881836,22.360000610351562,3090736,0.0,0.0
2025-05-16 00:00:00+03:00,22.360000610351562,23.15999984741211,22.1200008392334,22.540000915527344,1551092,0.0,0.0
2025-05-20 00:00:00+03:00,22.540000915527344,22.700000762939453,21.959999084472656,21.979999542236328,930587,0.0,0.0
2025-05-21 00:00:00+03:00,21.940000534057617,22.440000534057617,21.520000457763672,21.799999237060547,2206430,0.0,0.0
2025-05-22 00:00:00+03:00,21.799999237060547,22.3799991607666,21.739999771118164,21.920000076293945,1306888,0.0,0.0
2025-05-23 00:00:00+03:00,22.059999465942383,22.739999771118164,21.68000030517578,21.700000762939453,2470969,0.0,0.0
2025-05-26 00:00:00+03:00,21.799999237060547,22.100000381469727,21.0,21.0,1093131,0.0,0.0
2025-05-27 00:00:00+03:00,21.100000381469727,21.219999313354492,20.059999465942383,20.219999313354492,1544195,0.0,0.0
2025-05-28 00:00:00+03:00,20.0,20.700000762939453,20.0,20.15999984741211,816466,0.0,0.0
2025-05-29 00:00:00+03:00,20.239999771118164,20.5,19.940000534057617,19.989999771118164,961834,0.0,0.0
2025-05-30 00:00:00+03:00,20.059999465942383,20.200000762939453,19.600000381469727,19.719999313354492,872097,0.0,0.0
2025-06-02 00:00:00+03:00,19.770000457763672,20.18000030517578,19.5,19.5,740930,0.0,0.0
2025-06-03 00:00:00+03:00,19.520000457763672,19.979999542236328,19.520000457763672,19.829999923706055,1097633,0.0,0.0
2025-06-04 00:00:00+03:00,19.829999923706055,20.8799991607666,19.760000228881836,20.459999084472656,1922695,0.0,0.0
2025-06-05 00:00:00+03:00,20.559999465942383,20.559999465942383,20.139999389648438,20.260000228881836,581698,0.0,0.0
2025-06-10 00:00:00+03:00,20.299999237060547,21.459999084472656,20.299999237060547,20.65999984741211,2027493,0.0,0.0
2025-06-11 00:00:00+03:00,20.68000030517578,22.700000762939453,20.559999465942383,21.899999618530273,3640985,0.0,0.0
2025-06-12 00:00:00+03:00,21.559999465942383,21.8799991607666,21.040000915527344,21.520000457763672,1612945,0.0,0.0
2025-06-13 00:00:00+03:00,21.399999618530273,21.399999618530273,19.809999465942383,20.65999984741211,1819447,0.0,0.0
2025-06-16 00:00:00+03:00,20.520000457763672,21.440000534057617,20.299999237060547,20.84000015258789,1243455,0.0,0.0
2025-06-17 00:00:00+03:00,20.8799991607666,21.15999984741211,20.479999542236328,20.540000915527344,1357881,0.0,0.0
2025-06-18 00:00:00+03:00,20.899999618530273,20.979999542236328,20.100000381469727,20.5,1413240,0.0,0.0
2025-06-19 00:00:00+03:00,20.540000915527344,20.860000610351562,19.979999542236328,20.059999465942383,1407191,0.0,0.0
2025-06-20 00:00:00+03:00,20.299999237060547,20.540000915527344,20.040000915527344,20.100000381469727,1466005,0.0,0.0
2025-06-23 00:00:00+03:00,19.969999313354492,19.969999313354492,19.209999084472656,19.690000534057617,806014,0.0,0.0
2025-06-24 00:00:00+03:00,20.0,20.760000228881836,19.809999465942383,20.520000457763672,1421372,0.0,0.0
2025-06-25 00:00:00+03:00,20.780000686645508,21.059999465942383,20.459999084472656,20.540000915527344,1865683,0.0,0.0
2025-06-26 00:00:00+03:00,20.780000686645508,20.860000610351562,20.219999313354492,20.219999313354492,1196077,0.0,0.0
2025-06-27 00:00:00+03:00,20.219999313354492,20.399999618530273,19.829999923706055,20.0,949578,0.0,0.0
2025-06-30 00:00:00+03:00,20.360000610351562,21.299999237060547,20.0,21.260000228881836,1991188,0.0,0.0
2025-07-01 00:00:00+03:00,21.420000076293945,22.459999084472656,21.420000076293945,21.700000762939453,2825653,0.0,0.0
2025-07-02 00:00:00+03:00,21.68000030517578,22.299999237060547,21.600000381469727,21.739999771118164,2464912,0.0,0.0
2025-07-03 00:00:00+03:00,22.020000457763672,23.139999389648438,22.020000457763672,22.559999465942383,3564795,0.0,0.0
2025-07-04 00:00:00+03:00,22.559999465942383,23.0,22.200000762939453,22.920000076293945,2683410,0.0,0.0
2025-07-07 00:00:00+03:00,22.700000762939453,24.18000030517578,22.299999237060547,23.1200008392334,4385760,0.0,0.0
2025-07-08 00:00:00+03:00,23.639999389648438,24.059999465942383,22.5,22.799999237060547,2423210,0.0,0.0
2025-07-09 00:00:00+03:00,22.920000076293945,23.200000762939453,22.68000030517578,22.760000228881836,1494205,0.0,0.0
2025-07-10 00:00:00+03:00,22.799999237060547,23.059999465942383,22.719999313354492,22.780000686645508,1695626,0.0,0.0
2025-07-11 00:00:00+03:00,22.920000076293945,22.920000076293945,22.31999969482422,22.540000915527344,1175374,0.0,0.0
2025-07-14 00:00:00+03:00,22.540000915527344,23.18000030517578,22.5,22.639999389648438,2412044,0.0,0.0
2025-07-16 00:00:00+03:00,22.700000762939453,23.040000915527344,22.100000381469727,22.31999969482422,1975387,0.0,0.0
2025-07-17 00:00:00+03:00,22.68000030517578,22.81999969482422,22.3799991607666,22.719999313354492,1498306,0.0,0.0
2025-07-18 00:00:00+03:00,22.719999313354492,23.65999984741211,22.559999465942383,23.360000610351562,2344080,0.0,0.0
2025-07-21 00:00:00+03:00,23.3799991607666,24.1200008392334,23.3799991607666,23.920000076293945,1705804,0.0,0.0
2025-07-22 00:00:00+03:00,23.65999984741211,24.360000610351562,23.479999542236328,23.860000610351562,2552174,0.0,0.0
2025-07-23 00:00:00+03:00,23.959999084472656,24.200000762939453,23.420000076293945,23.559999465942383,1925955,0.0,0.0
2025-07-24 00:00:00+03:00,23.559999465942383,23.920000076293945,23.420000076293945,23.579999923706055,1835562,0.0,0.0
2025-07-25 00:00:00+03:00,23.700000762939453,23.799999237060547,23.239999771118164,23.239999771118164,1167154,0.0,0.0
2025-07-28 00:00:00+03:00,23.299999237060547,24.100000381469727,23.299999237060547,24.0,1519950,0.0,0.0
2025-07-29 00:00:00+03:00,24.0,24.079999923706055,23.459999084472656,23.540000915527344,1199634,0.0,0.0
2025-07-30 00:00:00+03:00,23.559999465942383,23.68000030517578,22.899999618530273,23.059999465942383,1771456,0.0,0.0
2025-07-31 00:00:00+03:00,23.15999984741211,23.6200008392334,23.100000381469727,23.459999084472656,1309106,0.0,0.0
2025-08-01 00:00:00+03:00,23.459999084472656,23.579999923706055,23.15999984741211,23.31999969482422,844545,0.0,0.0
2025-08-04 00:00:00+03:00,23.3799991607666,23.899999618530273,23.239999771118164,23.68000030517578,1778983,0.0,0.0
2025-08-05 00:00:00+03:00,23.68000030517578,24.940000534057617,23.68000030517578,24.579999923706055,3649455,0.0,0.0
2025-08-06 00:00:00+03:00,24.579999923706055,24.68000030517578,24.0,24.6200008392334,1794055,0.0,0.0
2025-08-07 00:00:00+03:00,24.780000686645508,25.739999771118164,24.780000686645508,24.8799991607666,2466269,0.0,0.0
2025-08-08 00:00:00+03:00,25.360000610351562,27.34000015258789,24.360000610351562,26.15999984741211,4839496,0.0,0.0
2025-08-11 00:00:00+03:00,26.239999771118164,27.139999389648438,26.200000762939453,26.520000457763672,2923794,0.0,0.0
2025-08-12 00:00:00+03:00,26.520000457763672,26.68000030517578,25.559999465942383,25.600000381469727,1644922,0.0,0.0
2025-08-13 00:00:00+03:00,25.600000381469727,26.780000686645508,25.219999313354492,25.899999618530273,2028056,0.0,0.0
2025-08-14 00:00:00+03:00,25.860000610351562,25.899999618530273,25.020000457763672,25.100000381469727,1411657,0.0,0.0
2025-08-15 00:00:00+03:00,25.0,25.520000457763672,24.860000610351562,25.280000686645508,1643642,0.0,0.0
2025-08-18 00:00:00+03:00,25.399999618530273,25.700000762939453,25.0,25.31999969482422,1454764,0.0,0.0
2025-08-19 00:00:00+03:00,25.459999084472656,25.959999084472656,25.200000762939453,25.31999969482422,1785853,0.0,0.0
2025-08-20 00:00:00+03:00,25.34000015258789,25.540000915527344,25.18000030517578,25.280000686645508,1430594,0.0,0.0
2025-08-21 00:00:00+03:00,25.3799991607666,25.540000915527344,25.239999771118164,25.420000076293945,1342207,0.0,0.0
2025-08-22 00:00:00+03:00,25.5,26.1200008392334,25.459999084472656,26.059999465942383,2755851,0.0,0.0
2025-08-25 00:00:00+03:00,26.219999313354492,26.440000534057617,25.959999084472656,26.15999984741211,2092203,0.0,0.0
2025-08-26 00:00:00+03:00,26.18000030517578,26.18000030517578,25.6200008392334,25.639999389648438,1250798,0.0,0.0
2025-08-27 00:00:00+03:00,25.639999389648438,25.920000076293945,25.079999923706055,25.260000228881836,1645826,0.0,0.0
2025-08-28 00:00:00+03:00,25.34000015258789,25.600000381469727,25.18000030517578,25.299999237060547,830260,0.0,0.0
2025-08-29 00:00:00+03:00,25.479999542236328,25.479999542236328,25.079999923706055,25.1200008392334,635729,0.0,0.0
2025-09-01 00:00:00+03:00,25.100000381469727,25.799999237060547,25.0,25.6200008392334,1345557,0.0,0.0
2025-09-02 00:00:00+03:00,25.719999313354492,25.940000534057617,24.18000030517578,24.920000076293945,1995832,0.0,0.0
2025-09-03 00:00:00+03:00,25.18000030517578,25.239999771118164,24.5,24.700000762939453,1216692,0.0,0.0
2025-09-04 00:00:00+03:00,24.719999313354492,25.65999984741211,24.719999313354492,25.520000457763672,1699075,0.0,0.0
2025-09-05 00:00:00+03:00,25.65999984741211,26.139999389648438,24.739999771118164,24.799999237060547,1320951,0.0,0.0
2025-09-08 00:00:00+03:00,24.739999771118164,24.739999771118164,23.84000015258789,23.8799991607666,1040889,0.0,0.0
2025-09-09 00:00:00+03:00,23.8799991607666,24.100000381469727,23.479999542236328,23.540000915527344,815121,0.0,0.0
2025-09-10 00:00:00+03:00,23.940000534057617,23.940000534057617,23.440000534057617,23.5,852197,0.0,0.0
2025-09-11 00:00:00+03:00,23.6200008392334,24.139999389648438,23.0,23.139999389648438,1401513,0.0,0.0
2025-09-12 00:00:00+03:00,23.280000686645508,23.280000686645508,22.639999389648438,22.920000076293945,757934,0.0,0.0
2025-09-15 00:00:00+03:00,22.8799991607666,24.15999984741211,22.739999771118164,24.059999465942383,1662786,0.0,0.0
2025-09-16 00:00:00+03:00,24.059999465942383,24.520000457763672,24.059999465942383,24.459999084472656,1085889,0.0,0.0
2025-09-17 00:00:00+03:00,24.65999984741211,24.760000228881836,24.260000228881836,24.280000686645508,875121,0.0,0.0
2025-09-18 00:00:00+03:00,24.520000457763672,24.799999237060547,24.15999984741211,24.15999984741211,1048515,0.0,0.0
2025-09-19 00:00:00+03:00,24.520000457763672,24.68000030517578,24.200000762939453,24.600000381469727,1158616,0.0,0.0
2025-09-22 00:00:00+03:00,25.0,25.3799991607666,24.579999923706055,24.639999389648438,937523,0.0,0.0
2025-09-23 00:00:00+03:00,24.6200008392334,24.6200008392334,24.0,24.219999313354492,1178726,0.0,0.0
2025-09-24 00:00:00+03:00,24.420000076293945,24.8799991607666,24.219999313354492,24.559999465942383,1534294,0.0,0.0
2025-09-25 00:00:00+03:00,24.579999923706055,24.780000686645508,24.15999984741211,24.260000228881836,730749,0.0,0.0
2025-09-26 00:00:00+03:00,24.31999969482422,24.399999618530273,24.020000457763672,24.020000457763672,557757,0.0,0.0
2025-09-29 00:00:00+03:00,24.020000457763672,24.040000915527344,23.3799991607666,23.3799991607666,682977,0.0,0.0
2025-09-30 00:00:00+03:00,23.579999923706055,23.579999923706055,23.0,23.079999923706055,663969,0.0,0.0
2025-10-01 00:00:00+03:00,23.079999923706055,23.6200008392334,22.959999084472656,23.540000915527344,979855,0.0,0.0
2025-10-02 00:00:00+03:00,23.600000381469727,23.760000228881836,23.1200008392334,23.139999389648438,881417,0.0,0.0
2025-10-03 00:00:00+03:00,23.360000610351562,23.360000610351562,22.920000076293945,22.920000076293945,634654,0.0,0.0
2025-10-06 00:00:00+03:00,23.399999618530273,23.399999618530273,22.700000762939453,22.719999313354492,517428,0.0,0.0
2025-10-07 00:00:00+03:00,22.920000076293945,23.219999313354492,22.65999984741211,22.65999984741211,976222,0.0,0.0
2025-10-08 00:00:00+03:00,22.799999237060547,22.81999969482422,22.260000228881836,22.260000228881836,661081,0.0,0.0
2025-10-09 00:00:00+03:00,22.639999389648438,22.68000030517578,22.0,22.0,629645,0.0,0.0
2025-10-10 00:00:00+03:00,22.100000381469727,22.420000076293945,21.760000228881836,21.940000534057617,643003,0.0,0.0
2025-10-13 00:00:00+03:00,21.5,21.719999313354492,21.299999237060547,21.299999237060547,739322,0.0,0.0
2025-10-14 00:00:00+03:00,21.5,21.559999465942383,21.020000457763672,21.34000015258789,867116,0.0,0.0
2025-10-15 00:00:00+03:00,21.34000015258789,21.579999923706055,21.15999984741211,21.520000457763672,762433,0.0,0.0
2025-10-16 00:00:00+03:00,21.559999465942383,23.059999465942383,21.520000457763672,22.639999389648438,2683302,0.0,0.0
2025-10-17 00:00:00+03:00,22.68000030517578,22.700000762939453,21.700000762939453,22.18000030517578,1082503,0.0,0.0
2025-10-20 00:00:00+03:00,22.260000228881836,22.920000076293945,21.799999237060547,22.739999771118164,1715603,0.0,0.0
2025-10-21 00:00:00+03:00,22.780000686645508,25.0,22.3799991607666,25.0,5608614,0.0,0.0
2025-10-22 00:00:00+03:00,25.899999618530273,26.040000915527344,24.639999389648438,25.059999465942383,5994990,0.0,0.0
2025-10-23 00:00:00+03:00,25.059999465942383,26.18000030517578,24.6200008392334,24.760000228881836,4640533,0.0,0.0
2025-10-24 00:00:00+03:00,24.8799991607666,25.68000030517578,24.440000534057617,25.68000030517578,2732335,0.0,0.0
2025-10-27 00:00:00+03:00,25.68000030517578,27.200000762939453,25.639999389648438,26.219999313354492,4016946,0.0,0.0
2025-10-28 00:00:00+03:00,26.420000076293945,26.479999542236328,25.760000228881836,25.799999237060547,651417,0.0,0.0
2025-10-30 00:00:00+03:00,25.799999237060547,27.739999771118164,25.799999237060547,27.18000030517578,3946609,0.0,0.0
2025-10-31 00:00:00+03:00,27.299999237060547,27.3799991607666,26.18000030517578,27.020000457763672,2439513,0.0,0.0
2025-11-03 00:00:00+03:00,26.979999542236328,27.959999084472656,26.5,27.440000534057617,3288549,0.0,0.0
2025-11-04 00:00:00+03:00,27.5,27.940000534057617,26.780000686645508,27.260000228881836,1255244,0.0,0.0
2025-11-05 00:00:00+03:00,27.219999313354492,27.639999389648438,26.700000762939453,26.81999969482422,1739430,0.0,0.0
2025-11-06 00:00:00+03:00,26.860000610351562,27.399999618530273,26.65999984741211,26.700000762939453,1217029,0.0,0.0
2025-11-07 00:00:00+03:00,26.799999237060547,27.0,25.860000610351562,26.020000457763672,1108452,0.0,0.0
2025-11-10 00:00:00+03:00,26.399999618530273,26.399999618530273,25.899999618530273,26.079999923706055,919013,0.0,0.0
2025-11-11 00:00:00+03:00,26.079999923706055,26.079999923706055,24.799999237060547,25.0,1439213,0.0,0.0
2025-11-12 00:00:00+03:00,25.5,25.540000915527344,24.5,24.5,649494,0.0,0.0
2025-11-13 00:00:00+03:00,24.920000076293945,25.18000030517578,24.360000610351562,24.360000610351562,534429,0.0,0.0
2025-11-14 00:00:00+03:00,24.399999618530273,24.739999771118164,24.15999984741211,24.399999618530273,721933,0.0,0.0
2025-11-17 00:00:00+03:00,24.739999771118164,26.84000015258789,24.559999465942383,26.139999389648438,6112270,0.0,0.0
2025-11-18 00:00:00+03:00,26.139999389648438,27.399999618530273,25.81999969482422,26.360000610351562,2964301,0.0,0.0
2025-11-19 00:00:00+03:00,26.479999542236328,26.8799991607666,26.040000915527344,26.100000381469727,1550955,0.0,0.0
2025-11-20 00:00:00+03:00,26.440000534057617,26.8799991607666,25.34000015258789,25.34000015258789,1543729,0.0,0.0
2025-11-21 00:00:00+03:00,25.459999084472656,25.780000686645508,24.979999542236328,25.100000381469727,620745,0.0,0.0
2025-11-24 00:00:00+03:00,25.100000381469727,25.6200008392334,24.8799991607666,25.299999237060547,1017418,0.0,0.0
2025-11-25 00:00:00+03:00,25.780000686645508,25.8799991607666,24.700000762939453,25.399999618530273,1416028,0.0,0.0
2025-11-26 00:00:00+03:00,25.540000915527344,25.579999923706055,24.219999313354492,24.219999313354492,803725,0.0,0.0
2025-11-27 00:00:00+03:00,24.479999542236328,24.899999618530273,24.200000762939453,24.520000457763672,932213,0.0,0.0
2025-11-28 00:00:00+03:00,24.520000457763672,24.700000762939453,23.700000762939453,23.700000762939453,1050869,0.0,0.0
2025-12-01 00:00:00+03:00,23.719999313354492,24.100000381469727,23.65999984741211,23.799999237060547,745591,0.0,0.0
2025-12-02 00:00:00+03:00,24.399999618530273,24.399999618530273,23.600000381469727,23.600000381469727,918494,0.0,0.0
2025-12-03 00:00:00+03:00,23.860000610351562,24.31999969482422,23.739999771118164,23.84000015258789,649283,0.0,0.0
2025-12-04 00:00:00+03:00,23.84000015258789,24.0,23.399999618530273,23.399999618530273,538311,0.0,0.0
2025-12-05 00:00:00+03:00,23.399999618530273,23.520000457763672,23.15999984741211,23.360000610351562,516150,0.0,0.0
2025-12-08 00:00:00+03:00,23.6200008392334,24.15999984741211,23.479999542236328,23.940000534057617,743386,0.0,0.0
2025-12-09 00:00:00+03:00,23.959999084472656,24.059999465942383,23.579999923706055,23.780000686645508,375298,0.0,0.0
2025-12-10 00:00:00+03:00,23.940000534057617,24.059999465942383,23.3799991607666,23.6200008392334,621627,0.0,0.0
2025-12-11 00:00:00+03:00,23.860000610351562,24.219999313354492,23.600000381469727,23.600000381469727,880713,0.0,0.0
2025-12-12 00:00:00+03:00,23.719999313354492,23.899999618530273,23.520000457763672,23.6200008392334,388866,0.0,0.0
2025-12-15 00:00:00+03:00,23.760000228881836,24.059999465942383,23.440000534057617,23.860000610351562,841898,0.0,0.0
2025-12-16 00:00:00+03:00,24.1200008392334,24.15999984741211,23.360000610351562,23.360000610351562,696333,0.0,0.0
2025-12-17 00:00:00+03:00,23.600000381469727,23.65999984741211,23.18000030517578,23.3799991607666,513360,0.0,0.0
2025-12-18 00:00:00+03:00,23.34000015258789,23.860000610351562,23.219999313354492,23.219999313354492,809817,0.0,0.0
2025-12-19 00:00:00+03:00,23.399999618530273,23.600000381469727,23.079999923706055,23.31999969482422,948855,0.0,0.0
2025-12-22 00:00:00+03:00,23.559999465942383,23.579999923706055,22.739999771118164,23.239999771118164,1294685,0.0,0.0
2025-12-23 00:00:00+03:00,23.239999771118164,24.100000381469727,23.059999465942383,23.760000228881836,2042093,0.0,0.0
2025-12-24 00:00:00+03:00,23.920000076293945,24.360000610351562,23.559999465942383,23.799999237060547,1073847,0.0,0.0
2025-12-25 00:00:00+03:00,23.860000610351562,25.399999618530273,23.84000015258789,24.68000030517578,1703770,0.0,0.0
2025-12-26 00:00:00+03:00,24.979999542236328,25.079999923706055,23.979999542236328,24.0,929516,0.0,0.0
2025-12-29 00:00:00+03:00,24.34000015258789,24.540000915527344,23.139999389648438,23.139999389648438,1631284,0.0,0.0
2025-12-30 00:00:00+03:00,23.440000534057617,23.479999542236328,22.899999618530273,23.479999542236328,786735,0.0,0.0
2025-12-31 00:00:00+03:00,23.65999984741211,23.65999984741211,23.200000762939453,23.200000762939453,694501,0.0,0.0
2026-01-02 00:00:00+03:00,23.420000076293945,24.34000015258789,23.34000015258789,24.139999389648438,1164199,0.0,0.0
2026-01-05 00:00:00+03:00,24.139999389648438,24.239999771118164,23.84000015258789,24.100000381469727,590348,0.0,0.0
2026-01-06 00:00:00+03:00,24.219999313354492,24.459999084472656,24.0,24.34000015258789,766241,0.0,0.0
2026-01-07 00:00:00+03:00,24.219999313354492,24.920000076293945,24.139999389648438,24.459999084472656,889544,0.0,0.0
2026-01-08 00:00:00+03:00,24.459999084472656,24.6200008392334,24.0,24.440000534057617,597506,0.0,0.0
2026-01-09 00:00:00+03:00,24.6200008392334,24.979999542236328,24.239999771118164,24.780000686645508,801667,0.0,0.0
2026-01-12 00:00:00+03:00,24.780000686645508,25.559999465942383,24.579999923706055,24.780000686645508,2115996,0.0,0.0
2026-01-13 00:00:00+03:00,24.799999237060547,25.219999313354492,24.420000076293945,24.899999618530273,1378443,0.0,0.0
2026-01-14 00:00:00+03:00,25.020000457763672,25.5,24.719999313354492,25.020000457763672,1279281,0.0,0.0
2026-01-15 00:00:00+03:00,25.18000030517578,26.559999465942383,24.799999237060547,26.299999237060547,2391041,0.0,0.0
2026-01-16 00:00:00+03:00,26.299999237060547,26.5,25.68000030517578,26.040000915527344,977504,0.0,0.0
2026-01-19 00:00:00+03:00,26.040000915527344,27.360000610351562,25.979999542236328,27.040000915527344,3078791,0.0,0.0
2026-01-20 00:00:00+03:00,26.899999618530273,27.5,25.799999237060547,25.860000610351562,2470950,0.0,0.0
2026-01-21 00:00:00+03:00,25.899999618530273,26.219999313354492,25.5,26.15999984741211,1117253,0.0,0.0
2026-01-22 00:00:00+03:00,26.1200008392334,26.780000686645508,26.1200008392334,26.559999465942383,1074459,0.0,0.0
2026-01-23 00:00:00+03:00,26.559999465942383,26.959999084472656,26.5,26.559999465942383,922366,0.0,0.0
2026-01-26 00:00:00+03:00,26.520000457763672,27.3799991607666,25.84000015258789,26.959999084472656,3765909,0.0,0.0
2026-01-27 00:00:00+03:00,26.68000030517578,28.18000030517578,26.200000762939453,27.700000762939453,3537903,0.0,0.0
2026-01-28 00:00:00+03:00,28.1200008392334,28.31999969482422,26.600000381469727,26.600000381469727,2915587,0.0,0.0
2026-01-29 00:00:00+03:00,26.700000762939453,28.5,26.700000762939453,27.18000030517578,3776099,0.0,0.0
2026-01-30 00:00:00+03:00,27.299999237060547,27.31999969482422,26.280000686645508,26.280000686645508,1698402,0.0,0.0
2026-02-02 00:00:00+03:00,26.479999542236328,26.739999771118164,25.15999984741211,26.200000762939453,1865606,0.0,0.0
2026-02-03 00:00:00+03:00,26.219999313354492,26.719999313354492,26.100000381469727,26.34000015258789,1006311,0.0,0.0
2026-02-04 00:00:00+03:00,26.8799991607666,26.8799991607666,25.940000534057617,26.100000381469727,1016568,0.0,0.0
2026-02-05 00:00:00+03:00,26.100000381469727,26.559999465942383,25.940000534057617,26.0,1289159,0.0,0.0
2026-02-06 00:00:00+03:00,26.020000457763672,26.200000762939453,25.399999618530273,25.600000381469727,1671392,0.0,0.0
2026-02-09 00:00:00+03:00,25.700000762939453,26.200000762939453,25.579999923706055,25.899999618530273,1727993,0.0,0.0
2026-02-10 00:00:00+03:00,26.15999984741211,26.639999389648438,25.940000534057617,26.459999084472656,1398638,0.0,0.0
2026-02-11 00:00:00+03:00,26.31999969482422,26.31999969482422,25.739999771118164,26.0,1218410,0.0,0.0
2026-02-12 00:00:00+03:00,26.18000030517578,26.479999542236328,26.079999923706055,26.219999313354492,1098972,0.0,0.0
2026-02-13 00:00:00+03:00,26.34000015258789,26.479999542236328,25.719999313354492,26.100000381469727,1419565,0.0,0.0
2026-02-16 00:00:00+03:00,26.799999237060547,26.979999542236328,26.18000030517578,26.34000015258789,1924881,0.0,0.0
2026-02-17 00:00:00+03:00,26.559999465942383,26.65999984741211,26.15999984741211,26.420000076293945,1480139,0.0,0.0
2026-02-18 00:00:00+03:00,26.360000610351562,28.3799991607666,26.139999389648438,27.559999465942383,6474840,0.0,0.0
2026-02-19 00:00:00+03:00,27.860000610351562,28.399999618530273,27.15999984741211,27.420000076293945,5813604,0.0,0.0
2026-02-20 00:00:00+03:00,27.899999618530273,28.760000228881836,26.15999984741211,26.479999542236328,8913481,0.0,0.0
2026-02-23 00:00:00+03:00,26.540000915527344,27.260000228881836,25.700000762939453,25.799999237060547,5523010,0.0,0.0
2026-02-24 00:00:00+03:00,25.799999237060547,25.940000534057617,24.68000030517578,24.719999313354492,3590753,0.0,0.0
2026-02-25 00:00:00+03:00,24.760000228881836,25.0,24.059999465942383,24.200000762939453,2865458,0.0,0.0
2026-02-26 00:00:00+03:00,24.399999618530273,24.399999618530273,23.579999923706055,23.579999923706055,2445291,0.0,0.0
2026-02-27 00:00:00+03:00,23.700000762939453,24.079999923706055,22.520000457763672,23.139999389648438,2812414,0.0,0.0
2026-03-02 00:00:00+03:00,20.860000610351562,22.040000915527344,20.860000610351562,21.540000915527344,2744147,0.0,0.0
2026-03-03 00:00:00+03:00,21.65999984741211,21.860000610351562,21.040000915527344,21.18000030517578,1555442,0.0,0.0
2026-03-04 00:00:00+03:00,21.280000686645508,21.5,20.899999618530273,21.059999465942383,2595762,0.0,0.0
2026-03-05 00:00:00+03:00,21.139999389648438,21.959999084472656,21.1200008392334,21.68000030517578,2011403,0.0,0.0
2026-03-06 00:00:00+03:00,21.860000610351562,22.100000381469727,21.059999465942383,21.059999465942383,1753546,0.0,0.0
2026-03-09 00:00:00+03:00,21.059999465942383,21.299999237060547,20.559999465942383,20.899999618530273,1788745,0.0,0.0
2026-03-10 00:00:00+03:00,21.040000915527344,21.8799991607666,21.040000915527344,21.8799991607666,1551148,0.0,0.0
2026-03-11 00:00:00+03:00,21.899999618530273,22.420000076293945,21.520000457763672,21.639999389648438,1974029,0.0,0.0
2026-03-12 00:00:00+03:00,21.299999237060547,21.520000457763672,21.020000457763672,21.219999313354492,1910072,0.0,0.0
2026-03-13 00:00:00+03:00,21.299999237060547,21.299999237060547,20.65999984741211,20.920000076293945,697149,0.0,0.0
2026-03-16 00:00:00+03:00,20.959999084472656,21.65999984741211,20.860000610351562,21.040000915527344,1097890,0.0,0.0
2026-03-17 00:00:00+03:00,21.34000015258789,21.520000457763672,21.100000381469727,21.5,1479095,0.0,0.0
2026-03-18 00:00:00+03:00,22.5,23.100000381469727,21.899999618530273,21.959999084472656,3942867,0.0,0.0
2026-03-19 00:00:00+03:00,21.979999542236328,22.100000381469727,21.540000915527344,21.739999771118164,712842,0.0,0.0
2026-03-23 00:00:00+03:00,21.780000686645508,21.920000076293945,20.739999771118164,21.639999389648438,2260148,0.0,0.0
2026-03-24 00:00:00+03:00,21.5,21.719999313354492,21.399999618530273,21.5,951357,0.0,0.0
2026-03-25 00:00:00+03:00,21.5,23.639999389648438,21.5,23.280000686645508,9624973,0.0,0.0
2026-03-26 00:00:00+03:00,23.299999237060547,23.600000381469727,22.200000762939453,22.579999923706055,4423470,0.0,0.0
2026-03-27 00:00:00+03:00,23.700000762939453,24.81999969482422,22.6200008392334,23.0,25900850,0.0,0.0
2026-03-30 00:00:00+03:00,22.540000915527344,23.020000457763672,22.200000762939453,22.65999984741211,4982199,0.0,0.0
2026-03-31 00:00:00+03:00,22.8799991607666,23.540000915527344,22.15999984741211,22.899999618530273,6561772,0.0,0.0
2026-04-01 00:00:00+03:00,23.100000381469727,23.299999237060547,22.780000686645508,22.899999618530273,2592255,0.0,0.0
2026-04-02 00:00:00+03:00,23.0,23.200000762939453,22.440000534057617,22.84000015258789,3140509,0.0,0.0
2026-04-03 00:00:00+03:00,23.040000915527344,23.5,22.84000015258789,23.1200008392334,2921475,0.0,0.0
2026-04-06 00:00:00+03:00,23.1200008392334,23.700000762939453,23.100000381469727,23.399999618530273,2424867,0.0,0.0
2026-04-07 00:00:00+03:00,23.3799991607666,23.860000610351562,22.81999969482422,22.8799991607666,2844934,0.0,0.0
2026-04-08 00:00:00+03:00,23.700000762939453,23.700000762939453,23.260000228881836,23.260000228881836,2385790,0.0,0.0
2026-04-09 00:00:00+03:00,23.260000228881836,23.420000076293945,22.6200008392334,22.920000076293945,2358491,0.0,0.0
2026-04-10 00:00:00+03:00,23.1200008392334,23.239999771118164,22.899999618530273,23.200000762939453,1957380,0.0,0.0
2026-04-13 00:00:00+03:00,22.959999084472656,23.219999313354492,22.68000030517578,22.84000015258789,2028214,0.0,0.0
2026-04-14 00:00:00+03:00,22.920000076293945,23.18000030517578,22.780000686645508,22.81999969482422,1916349,0.0,0.0
2026-04-15 00:00:00+03:00,22.860000610351562,23.8799991607666,22.860000610351562,23.479999542236328,4147833,0.0,0.0
2026-04-16 00:00:00+03:00,23.600000381469727,23.979999542236328,23.399999618530273,23.559999465942383,2409466,0.0,0.0
2026-04-17 00:00:00+03:00,23.600000381469727,24.1200008392334,23.440000534057617,23.959999084472656,2664717,0.0,0.0
2026-04-20 00:00:00+03:00,23.600000381469727,24.739999771118164,23.5,24.139999389648438,3627570,0.0,0.0
2026-04-21 00:00:00+03:00,24.479999542236328,24.700000762939453,23.280000686645508,23.459999084472656,2332812,0.0,0.0
2026-04-22 00:00:00+03:00,23.559999465942383,23.700000762939453,23.280000686645508,23.360000610351562,1238922,0.0,0.0
2026-04-24 00:00:00+03:00,23.360000610351562,23.6200008392334,23.239999771118164,23.440000534057617,1222495,0.0,0.0
2026-04-27 00:00:00+03:00,23.459999084472656,23.739999771118164,23.299999237060547,23.299999237060547,1456667,0.0,0.0
2026-04-28 00:00:00+03:00,23.399999618530273,23.520000457763672,22.84000015258789,22.8799991607666,1366747,0.0,0.0
2026-04-29 00:00:00+03:00,23.059999465942383,23.399999618530273,22.84000015258789,22.84000015258789,1176747,0.0,0.0
2026-04-30 00:00:00+03:00,22.979999542236328,23.260000228881836,22.65999984741211,23.139999389648438,1375040,0.0,0.0
2026-05-04 00:00:00+03:00,23.139999389648438,23.219999313354492,22.860000610351562,23.059999465942383,1743289,0.0,0.0
2026-05-05 00:00:00+03:00,23.34000015258789,23.360000610351562,22.8799991607666,23.15999984741211,1765835,0.0,0.0
2026-05-06 00:00:00+03:00,23.299999237060547,25.459999084472656,23.239999771118164,25.459999084472656,8268013,0.0,0.0
2026-05-07 00:00:00+03:00,26.280000686645508,28.0,26.1200008392334,27.31999969482422,9391437,0.0,0.0
2026-05-08 00:00:00+03:00,27.31999969482422,29.200000762939453,26.739999771118164,27.639999389648438,7277025,0.0,0.0
2026-05-11 00:00:00+03:00,27.239999771118164,28.299999237060547,26.8799991607666,26.8799991607666,3370396,0.0,0.0
2026-05-12 00:00:00+03:00,26.8799991607666,27.600000381469727,26.0,26.0,2147427,0.0,0.0
2026-05-13 00:00:00+03:00,26.600000381469727,28.600000381469727,25.579999923706055,26.360000610351562,7058698,0.0,0.0
2026-05-14 00:00:00+03:00,26.5,26.760000228881836,25.579999923706055,25.579999923706055,2394799,0.0,0.0
2026-05-15 00:00:00+03:00,25.579999923706055,26.239999771118164,24.399999618530273,24.440000534057617,3479720,0.0,0.0
2026-05-18 00:00:00+03:00,24.799999237060547,24.84000015258789,23.760000228881836,23.799999237060547,1234175,0.0,0.0
2026-05-20 00:00:00+03:00,23.799999237060547,24.34000015258789,23.5,23.739999771118164,1469796,0.0,0.0
2026-05-21 00:00:00+03:00,24.059999465942383,24.079999923706055,22.559999465942383,22.559999465942383,1071064,0.0,0.0
2026-05-22 00:00:00+03:00,22.559999465942383,24.360000610351562,22.479999542236328,23.899999618530273,2343063,0.0,0.0
2026-05-25 00:00:00+03:00,24.0,24.600000381469727,23.979999542236328,24.479999542236328,969551,0.0,0.0
2026-05-26 00:00:00+03:00,24.579999923706055,24.600000381469727,24.079999923706055,24.399999618530273,394238,0.0,0.0
2026-06-01 00:00:00+03:00,24.860000610351562,25.31999969482422,24.600000381469727,25.18000030517578,1391466,0.0,0.0
2026-06-02 00:00:00+03:00,25.18000030517578,25.360000610351562,24.780000686645508,25.100000381469727,1520849,0.0,0.0
2026-06-03 00:00:00+03:00,25.18000030517578,25.860000610351562,24.739999771118164,24.920000076293945,1788188,0.0,0.0
2026-06-04 00:00:00+03:00,25.18000030517578,26.31999969482422,24.65999984741211,24.920000076293945,2881837,0.0,0.0
2026-06-05 00:00:00+03:00,25.100000381469727,25.260000228881836,24.18000030517578,24.18000030517578,1724744,0.0,0.0
2026-06-08 00:00:00+03:00,24.18000030517578,24.280000686645508,23.700000762939453,24.0,1105102,0.0,0.0
2026-06-09 00:00:00+03:00,24.5,24.559999465942383,23.739999771118164,24.020000457763672,1598320,0.0,0.0
2026-06-10 00:00:00+03:00,24.100000381469727,24.479999542236328,23.81999969482422,23.81999969482422,1980383,0.0,0.0
2026-06-11 00:00:00+03:00,23.8799991607666,24.860000610351562,23.3799991607666,23.3799991607666,2423255,0.0,0.0
2026-06-12 00:00:00+03:00,23.579999923706055,23.799999237060547,23.1200008392334,23.459999084472656,1682384,0.0,0.0
2026-06-15 00:00:00+03:00,23.799999237060547,24.139999389648438,23.780000686645508,23.959999084472656,1410924,0.0,0.0
2026-06-16 00:00:00+03:00,24.200000762939453,24.200000762939453,23.0,23.200000762939453,1604996,0.0,0.0
2026-06-17 00:00:00+03:00,23.399999618530273,23.559999465942383,22.84000015258789,22.959999084472656,1568888,0.0,0.0
2026-06-18 00:00:00+03:00,23.260000228881836,23.479999542236328,23.040000915527344,23.219999313354492,1111886,0.0,0.0
2026-06-19 00:00:00+03:00,23.219999313354492,23.260000228881836,22.65999984741211,22.940000534057617,1301787,0.0,0.0
2026-06-22 00:00:00+03:00,22.940000534057617,23.15999984741211,22.68000030517578,22.81999969482422,1229669,0.0,0.0
2026-06-23 00:00:00+03:00,22.940000534057617,23.239999771118164,22.739999771118164,23.239999771118164,1093167,0.0,0.0
2026-06-24 00:00:00+03:00,23.1200008392334,23.219999313354492,22.6200008392334,22.6200008392334,1235513,0.0,0.0
2026-06-25 00:00:00+03:00,22.780000686645508,22.860000610351562,22.239999771118164,22.299999237060547,1093851,0.0,0.0
2026-06-26 00:00:00+03:00,22.579999923706055,22.579999923706055,22.079999923706055,22.360000610351562,1120569,0.0,0.0
2026-06-29 00:00:00+03:00,22.440000534057617,22.579999923706055,22.31999969482422,22.3799991607666,704859,0.0,0.0
2026-06-30 00:00:00+03:00,22.479999542236328,23.079999923706055,22.31999969482422,22.68000030517578,2445607,0.0,0.0
2026-07-01 00:00:00+03:00,22.600000381469727,22.899999618530273,22.600000381469727,22.700000762939453,824092,0.0,0.0
2026-07-02 00:00:00+03:00,22.700000762939453,23.15999984741211,22.700000762939453,22.780000686645508,1187974,0.0,0.0
2026-07-03 00:00:00+03:00,23.0,23.31999969482422,22.639999389648438,22.860000610351562,1017194,0.0,0.0
2026-07-06 00:00:00+03:00,22.860000610351562,23.15999984741211,22.3799991607666,22.3799991607666,821492,0.0,0.0
2026-07-07 00:00:00+03:00,22.540000915527344,22.739999771118164,22.200000762939453,22.520000457763672,1308259,0.0,0.0
2026-07-08 00:00:00+03:00,22.440000534057617,22.760000228881836,21.440000534057617,21.440000534057617,1633271,0.0,0.0
2026-07-09 00:00:00+03:00,21.5,21.940000534057617,21.200000762939453,21.299999237060547,942742,0.0,0.0
2026-07-10 00:00:00+03:00,21.440000534057617,21.760000228881836,21.3799991607666,21.600000381469727,838981,0.0,0.0
2026-07-13 00:00:00+03:00,21.459999084472656,21.540000915527344,21.100000381469727,21.15999984741211,1038421,0.0,0.0
2026-07-14 00:00:00+03:00,21.1200008392334,21.440000534057617,21.1200008392334,21.440000534057617,565631,0.0,0.0
2026-07-16 00:00:00+03:00,21.360000610351562,21.799999237060547,21.0,21.459999084472656,821833,0.0,0.0
2026-07-17 00:00:00+03:00,21.459999084472656,22.139999389648438,21.360000610351562,21.8799991607666,1991715,0.0,0.0
2026-07-20 00:00:00+03:00,21.8799991607666,22.079999923706055,21.6200008392334,21.639999389648438,1200249,0.0,0.0
2026-07-21 00:00:00+03:00,21.65999984741211,21.81999969482422,21.579999923706055,21.600000381469727,606174,0.0,0.0
2026-07-22 00:00:00+03:00,21.68000030517578,21.780000686645508,21.6200008392334,21.719999313354492,600257,0.0,0.0
2026-07-23 00:00:00+03:00,21.81999969482422,21.959999084472656,21.459999084472656,21.459999084472656,1016286,0.0,0.0
2026-07-24 00:00:00+03:00,21.600000381469727,21.600000381469727,21.200000762939453,21.440000534057617,1840345,0.0,0.0
2026-07-27 00:00:00+03:00,21.600000381469727,21.739999771118164,21.040000915527344,21.100000381469727,909388,0.0,0.0
2026-07-28 00:00:00+03:00,21.459999084472656,21.479999542236328,20.81999969482422,21.15999984741211,1437131,0.0,0.0
2026-07-29 00:00:00+03:00,21.139999389648438,21.239999771118164,20.100000381469727,20.100000381469727,1315573,0.0,0.0
2026-07-30 00:00:00+03:00,20.260000228881836,20.260000228881836,19.25,19.5,2147820,0.0,0.0
2026-07-31 00:00:00+03:00,19.899999618530273,19.899999618530273,19.1299991607666,19.600000381469727,1254854,0.0,0.0
2026-08-03 00:00:00+03:00,19.950000762939453,20.079999923706055,19.170000076293945,19.239999771118164,1054399,0.0,0.0
2026-08-04 00:00:00+03:00,19.239999771118164,20.079999923706055,19.200000762939453,19.899999618530273,1566724,0.0,0.0
2026-08-05 00:00:00+03:00,19.899999618530273,20.059999465942383,19.489999771118164,19.600000381469727,1043125,0.0,0.0
2026-08-06 00:00:00+03:00,19.610000610351562,19.8700008392334,19.559999465942383,19.8700008392334,439378,0.0,0.0
2026-08-07 00:00:00+03:00,19.8799991607666,20.020000457763672,19.649999618530273,19.75,642424,0.0,0.0
2026-08-10 00:00:00+03:00,19.950000762939453,19.950000762939453,19.270000457763672,19.270000457763672,1060374,0.0,0.0
2026-08-11 00:00:00+03:00,19.479999542236328,19.479999542236328,19.219999313354492,19.280000686645508,685254,0.0,0.0
2026-08-12 00:00:00+03:00,19.280000686645508,19.799999237060547,19.280000686645508,19.549999237060547,869119,0.0,0.0
