date,net_return,top_stocks,hit_count,cum_return
2026-02-11,0.01949340330881274,"['TURSG.IS', 'MAVI.IS', 'FROTO.IS', 'ENJSA.IS', 'TCELL.IS']",5,1.0194934033088128
2026-02-12,0.009567438308988319,"['TURSG.IS', 'SAHOL.IS', 'KCHOL.IS', 'TAVHL.IS', 'EKGYO.IS']",5,1.0292473435513905
2026-02-13,0.005984966643146741,"['TURSG.IS', 'OYAKC.IS', 'CCOLA.IS', 'HEKTS.IS', 'DOCO.IS']",4,1.035407354570093
2026-02-16,-0.010778674584744578,"['VESBE.IS', 'HEKTS.IS', 'TURSG.IS', 'DOCO.IS', 'OYAKC.IS']",0,1.0242470356325308
2026-02-17,-0.009032463038113902,"['TURSG.IS', 'DOCO.IS', 'TTKOM.IS', 'FROTO.IS', 'ASUZU.IS']",1,1.0149955621412823
2026-02-18,-0.015898213904675402,"['DOCO.IS', 'MNDRS.IS', 'AKCNS.IS', 'ASUZU.IS', 'TTKOM.IS']",2,0.9988589455820639
2026-02-19,-0.0009338564770030001,"['TURSG.IS', 'SOKM.IS', 'EKGYO.IS', 'ASUZU.IS', 'DOCO.IS']",3,0.9979261546861198
2026-02-20,0.010661891797101843,"['EKGYO.IS', 'MGROS.IS', 'DOCO.IS', 'TURSG.IS', 'SOKM.IS']",3,1.008565935368881
2026-02-23,-0.00744746730027006,"['EKGYO.IS', 'SASA.IS', 'DOCO.IS', 'TURSG.IS', 'ENJSA.IS']",1,1.001054673545055
2026-02-24,-0.003242198646758839,"['EKGYO.IS', 'MGROS.IS', 'SASA.IS', 'DOCO.IS', 'SOKM.IS']",2,0.9978090554371556
2026-02-25,0.00127243563139854,"['EKGYO.IS', 'DOCO.IS', 'SASA.IS', 'ASUZU.IS', 'TURSG.IS']",2,0.9990787032326258
2026-02-26,-0.02595290126605968,"['EKGYO.IS', 'DOCO.IS', 'SOKM.IS', 'ENJSA.IS', 'TURSG.IS']",0,0.9731497122906065
2026-02-27,-0.060788445882140094,"['EKGYO.IS', 'DOCO.IS', 'TRGYO.IS', 'TURSG.IS', 'GARAN.IS']",0,0.9139934536698089
2026-03-02,-0.01824892069252556,"['EKGYO.IS', 'YKBNK.IS', 'TURSG.IS', 'TUPRS.IS', 'ENKAI.IS']",2,0.897314059620301
2026-03-03,-0.0069544853303836205,"['EKGYO.IS', 'YKBNK.IS', 'TURSG.IS', 'TUPRS.IS', 'AKCNS.IS']",1,0.8910737021559245
2026-03-04,0.01425923337568592,"['EKGYO.IS', 'YKBNK.IS', 'AKCNS.IS', 'TUPRS.IS', 'TURSG.IS']",4,0.9037797300299023
2026-03-05,-0.01071471696179336,"['EKGYO.IS', 'YKBNK.IS', 'TURSG.IS', 'TUPRS.IS', 'AKCNS.IS']",1,0.8940959860268258
2026-03-06,-0.01720739918322128,"['YKBNK.IS', 'TURSG.IS', 'EKGYO.IS', 'TUPRS.IS', 'AKCNS.IS']",1,0.8787109194871464
2026-03-09,0.030656427130950202,"['TURSG.IS', 'YKBNK.IS', 'EKGYO.IS', 'MGROS.IS', 'PETKM.IS']",5,0.9056490567595743
2026-03-10,-0.0045667792369079585,"['EKGYO.IS', 'YKBNK.IS', 'TURSG.IS', 'ENJSA.IS', 'AKCNS.IS']",2,0.9015131574512394
2026-03-11,0.01052127095146398,"['YKBNK.IS', 'EKGYO.IS', 'TURSG.IS', 'ENJSA.IS', 'BIMAS.IS']",3,0.9109982216470937
2026-03-12,-0.0010211885134439411,"['YKBNK.IS', 'EKGYO.IS', 'TURSG.IS', 'ENJSA.IS', 'BIMAS.IS']",2,0.9100679207273799
2026-03-13,-0.01323388599298346,"['EKGYO.IS', 'YKBNK.IS', 'TURSG.IS', 'ENJSA.IS', 'YEOTK.IS']",2,0.8980241856186022
2026-03-16,0.01617316951570054,"['YKBNK.IS', 'EKGYO.IS', 'ENJSA.IS', 'TUPRS.IS', 'PETKM.IS']",4,0.9125480830018108
2026-03-17,-0.020172131945345922,"['YKBNK.IS', 'TURSG.IS', 'EKGYO.IS', 'ENJSA.IS', 'AKCNS.IS']",0,0.8941400426650258
2026-03-18,-0.0018808579420376793,"['YKBNK.IS', 'EKGYO.IS', 'TUPRS.IS', 'ENJSA.IS', 'TRGYO.IS']",1,0.8924582922644854
2026-03-19,-0.011434815842680978,"['EKGYO.IS', 'YKBNK.IS', 'SASA.IS', 'TUPRS.IS', 'ENJSA.IS']",4,0.8822531960451674
2026-03-23,-0.02235226687234832,"['EKGYO.IS', 'YKBNK.IS', 'ENKAI.IS', 'ASTOR.IS', 'TUPRS.IS']",1,0.8625328371581835
2026-03-24,0.007702728095155838,"['EKGYO.IS', 'TURSG.IS', 'YKBNK.IS', 'CCOLA.IS', 'TRGYO.IS']",4,0.8691766930759564
2026-03-25,-0.01472762482894572,"['EKGYO.IS', 'TURSG.IS', 'YKBNK.IS', 'TRGYO.IS', 'ENJSA.IS']",1,0.85637578483027
2026-03-26,-0.00505977902801014,"['EKGYO.IS', 'YKBNK.IS', 'TURSG.IS', 'ASTOR.IS', 'SOKM.IS']",2,0.85204271259409
2026-03-27,-0.01033903921778066,"['EKGYO.IS', 'TURSG.IS', 'YKBNK.IS', 'SASA.IS', 'TKFEN.IS']",0,0.8432334095733555
2026-03-30,0.0007707162552937996,"['EKGYO.IS', 'TURSG.IS', 'YKBNK.IS', 'ENJSA.IS', 'SASA.IS']",4,0.8438833032691205
2026-03-31,0.01662546983023876,"['EKGYO.IS', 'YKBNK.IS', 'TURSG.IS', 'MIATK.IS', 'CCOLA.IS']",3,0.8579132596678636
2026-04-01,-0.0024849361214547196,"['EKGYO.IS', 'YKBNK.IS', 'TURSG.IS', 'MIATK.IS', 'SASA.IS']",2,0.8557814000198399
2026-04-02,-0.01038000376663046,"['EKGYO.IS', 'YKBNK.IS', 'TURSG.IS', 'ASTOR.IS', 'ENJSA.IS']",1,0.8468983858642216
2026-04-03,0.00599535313165478,"['EKGYO.IS', 'YKBNK.IS', 'TURSG.IS', 'TKFEN.IS', 'ASTOR.IS']",4,0.851975840754106
2026-04-06,-0.02718235288993684,"['EKGYO.IS', 'TURSG.IS', 'YKBNK.IS', 'AKCNS.IS', 'TRGYO.IS']",0,0.8288171327970273
2026-04-07,0.04237643949030418,"['EKGYO.IS', 'YKBNK.IS', 'TURSG.IS', 'SASA.IS', 'TRGYO.IS']",4,0.8639394518735278
2026-04-08,0.00766241471282864,"['EKGYO.IS', 'YKBNK.IS', 'TURSG.IS', 'ENJSA.IS', 'ALARK.IS']",4,0.8705593142405567
2026-04-09,0.032400596053447084,"['YKBNK.IS', 'EKGYO.IS', 'SASA.IS', 'TKFEN.IS', 'FROTO.IS']",4,0.8987659549218308
2026-04-10,-0.015122556789836959,"['EKGYO.IS', 'SASA.IS', 'YKBNK.IS', 'FROTO.IS', 'ENKAI.IS']",0,0.8851743157277533
2026-04-13,0.01053557883646862,"['EKGYO.IS', 'YKBNK.IS', 'FROTO.IS', 'ENJSA.IS', 'CCOLA.IS']",4,0.8945001395151203
2026-04-14,-0.0059432202759491,"['EKGYO.IS', 'YKBNK.IS', 'AKCNS.IS', 'ENKAI.IS', 'ENJSA.IS']",2,0.8891839281491147
2026-04-15,-0.015459100500267362,"['HEKTS.IS', 'EKGYO.IS', 'YKBNK.IS', 'DOCO.IS', 'FROTO.IS']",0,0.875437944440635
2026-04-16,0.041252545099193474,"['EKGYO.IS', 'YKBNK.IS', 'HEKTS.IS', 'ENJSA.IS', 'AKCNS.IS']",5,0.9115519877252175
2026-04-17,-0.0005583391453855806,"['EKGYO.IS', 'HEKTS.IS', 'AKCNS.IS', 'AEFES.IS', 'TCELL.IS']",2,0.9110430325674165
2026-04-20,-0.012735289514758379,"['HEKTS.IS', 'EKGYO.IS', 'YKBNK.IS', 'AKCNS.IS', 'ASTOR.IS']",1,0.8994406357872671
2026-04-21,-0.01702518251417312,"['EKGYO.IS', 'YKBNK.IS', 'AEFES.IS', 'ASTOR.IS', 'ALARK.IS']",0,0.8841274948023249
2026-04-22,-0.0007847106156635598,"['EKGYO.IS', 'YKBNK.IS', 'TRGYO.IS', 'CCOLA.IS', 'TTKOM.IS']",3,0.8834337105715535
2026-04-24,-0.00426211562086478,"['EKGYO.IS', 'YKBNK.IS', 'TRGYO.IS', 'ENJSA.IS', 'CCOLA.IS']",1,0.879668413953728
2026-04-27,-0.013108990905606358,"['EKGYO.IS', 'YKBNK.IS', 'HEKTS.IS', 'TURSG.IS', 'YEOTK.IS']",1,0.8681368487152594
2026-04-28,-0.01305540984536532,"['EKGYO.IS', 'YKBNK.IS', 'TURSG.IS', 'HEKTS.IS', 'TRGYO.IS']",1,0.8568029663534178
2026-04-29,0.01412937716344426,"['EKGYO.IS', 'YKBNK.IS', 'TURSG.IS', 'HEKTS.IS', 'YEOTK.IS']",4,0.8689090586197831
2026-04-30,-0.01631226367865604,"['EKGYO.IS', 'YKBNK.IS', 'ENJSA.IS', 'HEKTS.IS', 'YEOTK.IS']",1,0.8547351849428044
2026-05-04,0.01243798268592202,"['EKGYO.IS', 'YKBNK.IS', 'HEKTS.IS', 'CCOLA.IS', 'TRGYO.IS']",4,0.8653663663741714
2026-05-05,0.03170123382302177,"['EKGYO.IS', 'YKBNK.IS', 'ENJSA.IS', 'CCOLA.IS', 'TRGYO.IS']",4,0.8927995478971777
2026-05-06,0.038225593647233644,"['EKGYO.IS', 'YKBNK.IS', 'HEKTS.IS', 'TRGYO.IS', 'CCOLA.IS']",5,0.9269273406235291
2026-05-07,0.02725695148274132,"['EKGYO.IS', 'HEKTS.IS', 'YKBNK.IS', 'ISCTR.IS', 'CCOLA.IS']",4,0.9521925541749312
2026-05-08,0.025043172593456498,"['EKGYO.IS', 'HEKTS.IS', 'YKBNK.IS', 'ISCTR.IS', 'YEOTK.IS']",5,0.9760384766513382
2026-05-11,-0.019231516634189483,"['EKGYO.IS', 'HEKTS.IS', 'BIMAS.IS', 'ISCTR.IS', 'TCELL.IS']",2,0.9572677764520091
2026-05-12,-0.0137307206891637,"['EKGYO.IS', 'YKBNK.IS', 'HEKTS.IS', 'BIMAS.IS', 'ISCTR.IS']",1,0.9441237999888098
2026-05-13,0.012675766930046097,"['EKGYO.IS', 'YKBNK.IS', 'ISCTR.IS', 'BIMAS.IS', 'YEOTK.IS']",5,0.9560912932305774
2026-05-14,-0.02993255290203952,"['EKGYO.IS', 'YKBNK.IS', 'ISCTR.IS', 'BIMAS.IS', 'TURSG.IS']",0,0.9274730400167738
2026-05-15,0.0017584595786566994,"['EKGYO.IS', 'YKBNK.IS', 'TURSG.IS', 'ISCTR.IS', 'YEOTK.IS']",1,0.929103963867937
2026-05-18,-0.005125328272725279,"['EKGYO.IS', 'YKBNK.IS', 'TURSG.IS', 'ISCTR.IS', 'YEOTK.IS']",0,0.9243420010536236
2026-05-20,-0.08980658064925956,"['EKGYO.IS', 'YKBNK.IS', 'TURSG.IS', 'ISCTR.IS', 'YEOTK.IS']",0,0.8413300065885033
2026-05-21,0.05386814729267836,"['EKGYO.IS', 'TURSG.IS', 'YKBNK.IS', 'DOCO.IS', 'MIATK.IS']",5,0.8866508953051628
2026-05-22,0.0005890722728359812,"['EKGYO.IS', 'YKBNK.IS', 'YEOTK.IS', 'TURSG.IS', 'BIMAS.IS']",3,0.8871731967632722
2026-05-25,-0.027082057325945763,"['EKGYO.IS', 'YKBNK.IS', 'TURSG.IS', 'YEOTK.IS', 'ISCTR.IS']",0,0.8631467213904866
2026-05-26,-0.001,"['EKGYO.IS', 'YKBNK.IS', 'TURSG.IS', 'ISCTR.IS', 'MIATK.IS']",0,0.8622835746690961
2026-06-01,0.049123528478867015,"['EKGYO.IS', 'TURSG.IS', 'YKBNK.IS', 'ISCTR.IS', 'YEOTK.IS']",5,0.9046419864062126
2026-06-02,-0.02098215807217918,"['EKGYO.IS', 'TURSG.IS', 'YKBNK.IS', 'YEOTK.IS', 'ISCTR.IS']",0,0.8856606452487074
2026-06-03,0.01065056458440284,"['EKGYO.IS', 'YKBNK.IS', 'YEOTK.IS', 'TURSG.IS', 'ISCTR.IS']",4,0.8950934311507927
2026-06-04,-0.029583306998278002,"['EKGYO.IS', 'YKBNK.IS', 'TURSG.IS', 'ISCTR.IS', 'YEOTK.IS']",0,0.8686136073849167
2026-06-05,0.024981562126246637,"['EKGYO.IS', 'YKBNK.IS', 'TURSG.IS', 'ISCTR.IS', 'YEOTK.IS']",4,0.8903129321815061
2026-06-08,-0.01812464224078502,"['EKGYO.IS', 'YKBNK.IS', 'YEOTK.IS', 'TURSG.IS', 'ISCTR.IS']",1,0.874176328803372
2026-06-09,-0.0007450958028567203,"['EKGYO.IS', 'YKBNK.IS', 'TURSG.IS', 'ISCTR.IS', 'YEOTK.IS']",2,0.8735249836898239
2026-06-10,0.0016209707592048602,"['EKGYO.IS', 'YKBNK.IS', 'TURSG.IS', 'ISCTR.IS', 'MAVI.IS']",4,0.87494094214582
2026-06-11,0.03252684750145514,"['EKGYO.IS', 'YKBNK.IS', 'ISCTR.IS', 'TURSG.IS', 'YEOTK.IS']",3,0.9034000127437765
2026-06-12,0.04422266660599334,"['EKGYO.IS', 'TURSG.IS', 'ISCTR.IS', 'YKBNK.IS', 'AEFES.IS']",5,0.9433507703191946
2026-06-15,-0.01357951655326934,"['EKGYO.IS', 'BIMAS.IS', 'TURSG.IS', 'ALARK.IS', 'OYAKC.IS']",1,0.9305405229181056
2026-06-16,-0.00704911347360904,"['EKGYO.IS', 'TURSG.IS', 'BIMAS.IS', 'ASELS.IS', 'AEFES.IS']",2,0.9239810371802644
2026-06-17,0.026664665097575757,"['TURSG.IS', 'BIMAS.IS', 'EKGYO.IS', 'ASELS.IS', 'DOCO.IS']",5,0.9486186820931868
2026-06-18,-0.017618256271254063,"['TURSG.IS', 'BIMAS.IS', 'DOCO.IS', 'CCOLA.IS', 'KCHOL.IS']",0,0.9319056750483697
2026-06-19,-0.00373586436951666,"['TURSG.IS', 'SASA.IS', 'BIMAS.IS', 'DOCO.IS', 'ASELS.IS']",3,0.9284242018412061
2026-06-22,-0.014060653420088078,"['SASA.IS', 'BIMAS.IS', 'DOCO.IS', 'TURSG.IS', 'ASELS.IS']",1,0.915369950912295
2026-06-23,-0.01595780720690626,"['EKGYO.IS', 'TURSG.IS', 'BIMAS.IS', 'AEFES.IS', 'ASELS.IS']",2,0.9007626537126414
2026-06-24,-0.00761900714293572,"['EKGYO.IS', 'TURSG.IS', 'BIMAS.IS', 'SASA.IS', 'TOASO.IS']",1,0.8938997366199151
2026-06-25,-0.0001395260438409601,"['EKGYO.IS', 'YKBNK.IS', 'BIMAS.IS', 'TURSG.IS', 'TRGYO.IS']",2,0.8937750143260741
2026-06-26,-0.016081865817433438,"['EKGYO.IS', 'YKBNK.IS', 'TURSG.IS', 'BIMAS.IS', 'DOCO.IS']",0,0.8794014444747076
2026-06-29,-0.02332727378374506,"['TURSG.IS', 'EKGYO.IS', 'YKBNK.IS', 'DOCO.IS', 'VESBE.IS']",2,0.8588874062136251
2026-06-30,0.00734765681893938,"['EKGYO.IS', 'YKBNK.IS', 'TURSG.IS', 'DOCO.IS', 'ASTOR.IS']",4,0.8651982161205919
2026-07-01,0.011628035042585961,"['TURSG.IS', 'YKBNK.IS', 'EKGYO.IS', 'DOCO.IS', 'CCOLA.IS']",4,0.8752587712964249
2026-07-02,-0.00935617929925332,"['TURSG.IS', 'YKBNK.IS', 'DOCO.IS', 'ASELS.IS', 'AEFES.IS']",1,0.8670696932989314
2026-07-03,-0.00698817466349426,"['YKBNK.IS', 'EKGYO.IS', 'TURSG.IS', 'YEOTK.IS', 'DOCO.IS']",1,0.8610104588367361
2026-07-06,0.00452252737472988,"['YKBNK.IS', 'EKGYO.IS', 'TURSG.IS', 'DOCO.IS', 'BIMAS.IS']",4,0.8649044022067539
2026-07-07,-0.017034042098161922,"['YKBNK.IS', 'EKGYO.IS', 'TURSG.IS', 'BIMAS.IS', 'DOCO.IS']",2,0.8501715842086784
2026-07-08,0.0005475547819326593,"['EKGYO.IS', 'YKBNK.IS', 'BIMAS.IS', 'TURSG.IS', 'TUPRS.IS']",2,0.8506370997250752
2026-07-09,-0.00525062555456026,"['EKGYO.IS', 'YKBNK.IS', 'TURSG.IS', 'TRGYO.IS', 'DOCO.IS']",2,0.8461707228316017
2026-07-10,-0.0012126599487010203,"['EKGYO.IS', 'YKBNK.IS', 'TURSG.IS', 'BIMAS.IS', 'TUPRS.IS']",4,0.8451446054862604
2026-07-13,0.01120422527411714,"['EKGYO.IS', 'TURSG.IS', 'YKBNK.IS', 'TKFEN.IS', 'TUPRS.IS']",3,0.8546137960353333
2026-07-14,0.0139046596437255,"['EKGYO.IS', 'TURSG.IS', 'YKBNK.IS', 'CCOLA.IS', 'BIMAS.IS']",2,0.8664969099960369
2026-07-16,-0.019033806649643804,"['TURSG.IS', 'EKGYO.IS', 'YKBNK.IS', 'ISCTR.IS', 'CCOLA.IS']",0,0.8500041753486585
2026-07-17,0.00651058017304346,"['EKGYO.IS', 'TURSG.IS', 'SOKM.IS', 'ISCTR.IS', 'BIMAS.IS']",3,0.8555381956796876
2026-07-20,-0.00569158774078726,"['EKGYO.IS', 'TURSG.IS', 'ENJSA.IS', 'BIMAS.IS', 'ALARK.IS']",2,0.8506688249733818
2026-07-21,-0.0029847526246548402,"['EKGYO.IS', 'TURSG.IS', 'TKFEN.IS', 'AEFES.IS', 'CCOLA.IS']",2,0.8481297889653305
2026-07-22,-0.02179320981226024,"['EKGYO.IS', 'TURSG.IS', 'CCOLA.IS', 'AEFES.IS', 'OYAKC.IS']",0,0.8296463185263812
2026-07-23,-0.007892654328887659,"['EKGYO.IS', 'TURSG.IS', 'CCOLA.IS', 'AEFES.IS', 'TKFEN.IS']",2,0.8230982069190182
2026-07-24,-0.01133731127220174,"['EKGYO.IS', 'TURSG.IS', 'ENJSA.IS', 'AKCNS.IS', 'OYAKC.IS']",3,0.8137664863395863
2026-07-27,-0.025328696108168215,"['EKGYO.IS', 'TURSG.IS', 'YEOTK.IS', 'CCOLA.IS', 'YKBNK.IS']",1,0.7931548423040791
2026-07-28,-0.011554268537750819,"['TURSG.IS', 'EKGYO.IS', 'MGROS.IS', 'ENJSA.IS', 'AEFES.IS']",0,0.7839905182640804
2026-07-29,-0.0046753650510857805,"['EKGYO.IS', 'TURSG.IS', 'MGROS.IS', 'CCOLA.IS', 'ENJSA.IS']",2,0.7803250763946059
2026-07-30,0.005637396604643041,"['TURSG.IS', 'EKGYO.IS', 'MGROS.IS', 'SASA.IS', 'ENJSA.IS']",4,0.7847240783307907
2026-08-03,0.0007200513841293795,"['TURSG.IS', 'EKGYO.IS', 'AEFES.IS', 'MGROS.IS', 'ENJSA.IS']",2,0.7852891199895525
2026-08-04,-0.006253555004324559,"['TURSG.IS', 'EKGYO.IS', 'YKBNK.IS', 'DOCO.IS', 'MGROS.IS']",2,0.7803782712834002
2026-08-05,-0.004805325920498059,"['TURSG.IS', 'EKGYO.IS', 'YKBNK.IS', 'DOCO.IS', 'SASA.IS']",1,0.7766282993486086
2026-08-06,-0.0002114963542575001,"['TURSG.IS', 'YKBNK.IS', 'EKGYO.IS', 'SASA.IS', 'DOCO.IS']",2,0.776464045294683
2026-08-07,-0.024150190506518183,"['EKGYO.IS', 'YKBNK.IS', 'TURSG.IS', 'SASA.IS', 'DOCO.IS']",1,0.7577122906793546
2026-08-10,0.0,"['EKGYO.IS', 'YKBNK.IS', 'TURSG.IS', 'CCOLA.IS', 'DOCO.IS']",0,0.7577122906793546
