date,symbol,sector,raw_score,market_regime,market_quality,outcome_class,actual_return_1d
2026-01-07,AEFES.IS,Other,0.8465477377176285,SIDEWAYS_LOW_VOL,71.68145161290322,PARTIAL_SUCCESS,0.0067073646969917
2026-01-07,ADGYO.IS,Other,0.8465477377176285,SIDEWAYS_LOW_VOL,71.68145161290322,PARTIAL_SUCCESS,0.007028158517679
2026-01-07,A1CAP.IS,Other,0.8465477377176285,SIDEWAYS_LOW_VOL,71.68145161290322,FAILURE,-0.0303272244644183
2026-01-07,ALCAR.IS,Other,0.8465477377176285,SIDEWAYS_LOW_VOL,71.68145161290322,FAILURE,-0.0104956268221574
2026-01-08,AKFYE.IS,Other,0.6802955935997199,SIDEWAYS_LOW_VOL,76.76209677419354,PARTIAL_SUCCESS,0.0065012180765697
2026-01-08,AEFES.IS,Other,0.6802955935997199,SIDEWAYS_LOW_VOL,76.76209677419354,PARTIAL_SUCCESS,0.0054512907092165
2026-01-08,ADGYO.IS,Other,0.6802955935997199,SIDEWAYS_LOW_VOL,76.76209677419354,SUCCESS,0.0109670831570509
2026-01-08,ALARK.IS,Other,0.6802955935997199,SIDEWAYS_LOW_VOL,76.76209677419354,SUCCESS,0.0137659937845562
2026-01-08,ALBRK.IS,Other,0.6802955935997199,SIDEWAYS_LOW_VOL,76.76209677419354,PENDING,0.0
2026-01-09,ADGYO.IS,Other,1.0,SIDEWAYS_LOW_VOL,73.97983870967741,SUCCESS,0.0996055061354552
2026-01-09,AGHOL.IS,Other,1.0,SIDEWAYS_LOW_VOL,73.97983870967741,PARTIAL_SUCCESS,0.0083871041574787
2026-01-09,AKYHO.IS,Other,1.0,SIDEWAYS_LOW_VOL,73.97983870967741,PENDING,0.0
2026-01-09,A1CAP.IS,Other,1.0,SIDEWAYS_LOW_VOL,73.97983870967741,FAILURE,-0.0096774104234451
2026-01-09,ALCAR.IS,Other,1.0,SIDEWAYS_LOW_VOL,73.97983870967741,PARTIAL_SUCCESS,0.0047058823529411
2026-01-12,ALCAR.IS,Other,1.0,SIDEWAYS_LOW_VOL,74.58467741935483,FAILURE,-0.002927400468384
2026-01-12,AKMGY.IS,Other,1.0,SIDEWAYS_LOW_VOL,74.58467741935483,FAILURE,-0.0040040625407021
2026-01-12,AKGRT.IS,Other,1.0,SIDEWAYS_LOW_VOL,74.58467741935483,PARTIAL_SUCCESS,0.0014104022326471
2026-01-12,ALARK.IS,Other,1.0,SIDEWAYS_LOW_VOL,74.58467741935483,FAILURE,-0.0251727835630459
2026-01-12,AKSUE.IS,Other,1.0,SIDEWAYS_LOW_VOL,74.58467741935483,SUCCESS,0.0368663229923398
2026-01-13,ALGYO.IS,Other,0.8347996384997785,SIDEWAYS_LOW_VOL,76.58064516129032,SUCCESS,0.0402910509226224
2026-01-13,AEFES.IS,Other,0.8347996384997785,SIDEWAYS_LOW_VOL,76.58064516129032,PARTIAL_SUCCESS,0.0067073646969917
2026-01-13,AKGRT.IS,Other,0.8347996384997785,SIDEWAYS_LOW_VOL,76.58064516129032,SUCCESS,0.056338042357781
2026-01-13,ALCAR.IS,Other,0.8347996384997785,SIDEWAYS_LOW_VOL,76.58064516129032,SUCCESS,0.01174398120963
2026-01-13,AKBNK.IS,Other,0.8347996384997785,SIDEWAYS_LOW_VOL,76.58064516129032,SUCCESS,0.0136054902752271
2026-01-14,ALARK.IS,Other,1.0,SIDEWAYS_LOW_VOL,79.84677419354838,PARTIAL_SUCCESS,0.0099009900990099
2026-01-14,AKSEN.IS,Other,1.0,SIDEWAYS_LOW_VOL,79.84677419354838,FAILURE,-0.0146198827147928
2026-01-14,AGYO.IS,Other,1.0,SIDEWAYS_LOW_VOL,79.84677419354838,FAILURE,-0.0163043967689359
2026-01-14,AKGRT.IS,Other,1.0,SIDEWAYS_LOW_VOL,79.84677419354838,FAILURE,-0.0053333282470703
2026-01-14,AKMGY.IS,Other,1.0,SIDEWAYS_LOW_VOL,79.84677419354838,FAILURE,-0.0125188204995585
2026-01-15,AGESA.IS,Other,0.769092643130362,SIDEWAYS_LOW_VOL,82.14516129032258,SUCCESS,0.014691927097314
2026-01-15,ADGYO.IS,Other,0.769092643130362,SIDEWAYS_LOW_VOL,82.14516129032258,SUCCESS,0.0601317572537849
2026-01-15,A1CAP.IS,Other,0.769092643130362,SIDEWAYS_LOW_VOL,82.14516129032258,SUCCESS,0.0355731839137982
2026-01-15,ALBRK.IS,Other,0.769092643130362,SIDEWAYS_LOW_VOL,82.14516129032258,PARTIAL_SUCCESS,0.007407340051297
2026-01-15,AEFES.IS,Other,0.769092643130362,SIDEWAYS_LOW_VOL,82.14516129032258,SUCCESS,0.0100059259913301
2026-01-16,AGESA.IS,Other,1.0,SIDEWAYS_LOW_VOL,82.93145161290323,SUCCESS,0.0144791997501574
2026-01-16,AKBNK.IS,Other,1.0,SIDEWAYS_LOW_VOL,82.93145161290323,SUCCESS,0.0142180483875524
2026-01-16,AKYHO.IS,Other,1.0,SIDEWAYS_LOW_VOL,82.93145161290323,SUCCESS,0.0224718880393528
2026-01-16,ALCTL.IS,Other,1.0,SIDEWAYS_LOW_VOL,82.93145161290323,FAILURE,-0.0188003449551943
2026-01-16,AKMGY.IS,Other,1.0,SIDEWAYS_LOW_VOL,82.93145161290323,PARTIAL_SUCCESS,0.0040201595108069
2026-01-19,AKYHO.IS,Other,1.0,SIDEWAYS_LOW_VOL,84.50403225806453,SUCCESS,0.0146520005763965
2026-01-19,AKGRT.IS,Other,1.0,SIDEWAYS_LOW_VOL,84.50403225806453,SUCCESS,0.0399500231810716
2026-01-19,AKFYE.IS,Other,1.0,SIDEWAYS_LOW_VOL,84.50403225806453,FAILURE,-0.0146261410512281
2026-01-19,AEFES.IS,Other,1.0,SIDEWAYS_LOW_VOL,84.50403225806453,FAILURE,-0.0016610734913734
2026-01-19,ALCTL.IS,Other,1.0,SIDEWAYS_LOW_VOL,84.50403225806453,SUCCESS,0.0109489470286812
2026-01-20,AEFES.IS,Other,1.0,SIDEWAYS_LOW_VOL,83.65725806451613,FAILURE,-0.0521353449144853
2026-01-20,AKGRT.IS,Other,1.0,SIDEWAYS_LOW_VOL,83.65725806451613,FAILURE,-0.0096038324656385
2026-01-20,AKFYE.IS,Other,1.0,SIDEWAYS_LOW_VOL,83.65725806451613,FAILURE,-0.0120946242025232
2026-01-20,ALBRK.IS,Other,1.0,SIDEWAYS_LOW_VOL,83.65725806451613,FAILURE,-0.0163743118600078
2026-01-20,AKBNK.IS,Other,1.0,SIDEWAYS_LOW_VOL,83.65725806451613,SUCCESS,0.0116428060446025
2026-01-21,AKCNS.IS,Other,0.9754437966789438,SIDEWAYS_LOW_VOL,83.23387096774194,FAILURE,-0.0038835363334266
2026-01-21,AKMGY.IS,Other,0.9754437966789438,SIDEWAYS_LOW_VOL,83.23387096774194,FAILURE,-0.0108321425591451
2026-01-21,A1CAP.IS,Other,0.9754437966789438,SIDEWAYS_LOW_VOL,83.23387096774194,SUCCESS,0.0226385599026941
2026-01-22,AHGAZ.IS,Other,0.746671055778048,SIDEWAYS_LOW_VOL,85.95564516129032,SUCCESS,0.0903509404483906
2026-01-22,ALBRK.IS,Other,0.746671055778048,SIDEWAYS_LOW_VOL,85.95564516129032,PARTIAL_SUCCESS,0.0059311053759372
2026-01-22,AKBNK.IS,Other,0.746671055778048,SIDEWAYS_LOW_VOL,85.95564516129032,FAILURE,-0.0262828280359626
2026-01-23,ALBRK.IS,Other,0.8155004183332353,SIDEWAYS_LOW_VOL,86.68145161290323,FAILURE,-0.004716977308225
2026-01-23,ALCTL.IS,Other,0.8155004183332353,SIDEWAYS_LOW_VOL,86.68145161290323,SUCCESS,0.0498753104554665
2026-01-23,AGESA.IS,Other,0.8155004183332353,SIDEWAYS_LOW_VOL,86.68145161290323,SUCCESS,0.0369719126605601
2026-01-26,AKFYE.IS,Other,0.9176828720848844,SIDEWAYS_LOW_VOL,81.47983870967742,PARTIAL_SUCCESS,0.0098846960035965
2026-01-26,AEFES.IS,Other,0.9176828720848844,SIDEWAYS_LOW_VOL,81.47983870967742,SUCCESS,0.0179271409289587
2026-01-27,AKMGY.IS,Other,1.0,SIDEWAYS_LOW_VOL,81.72177419354837,FAILURE,-0.0163857624286714
2026-01-27,A1CAP.IS,Other,1.0,SIDEWAYS_LOW_VOL,81.72177419354837,SUCCESS,0.0410396980961933
2026-01-27,AKSEN.IS,Other,1.0,SIDEWAYS_LOW_VOL,81.72177419354837,SUCCESS,0.0215827338129497
2026-01-27,AKBNK.IS,Other,1.0,SIDEWAYS_LOW_VOL,81.72177419354837,FAILURE,-0.0012554773908293
2026-01-28,A1CAP.IS,Other,1.0,SIDEWAYS_LOW_VOL,84.2016129032258,FAILURE,-0.0538765199810744
2026-01-28,ALFAS.IS,Other,1.0,SIDEWAYS_LOW_VOL,84.2016129032258,FAILURE,-0.0028168764362199
2026-01-29,AEFES.IS,Other,1.0,SIDEWAYS_LOW_VOL,73.85887096774194,SUCCESS,0.0123854951712436
2026-01-29,AKFYE.IS,Other,1.0,SIDEWAYS_LOW_VOL,73.85887096774194,PARTIAL_SUCCESS,0.0087336162706002
2026-01-29,A1CAP.IS,Other,1.0,SIDEWAYS_LOW_VOL,73.85887096774194,SUCCESS,0.036805604214287
2026-01-30,AKGRT.IS,Other,1.0,SIDEWAYS_LOW_VOL,66.6008064516129,FAILURE,-0.0258823843563303
2026-01-30,AKMGY.IS,Other,1.0,SIDEWAYS_LOW_VOL,66.6008064516129,PARTIAL_SUCCESS,0.009615371223909
2026-01-30,AKFYE.IS,Other,1.0,SIDEWAYS_LOW_VOL,66.6008064516129,SUCCESS,0.0119048282550173
2026-01-30,AKCNS.IS,Other,1.0,SIDEWAYS_LOW_VOL,66.6008064516129,SUCCESS,0.0204939726724933
2026-02-03,ALBRK.IS,Other,0.9205530049685706,SIDEWAYS_LOW_VOL,73.01209677419352,SUCCESS,0.0133185229849239
2026-02-03,AEFES.IS,Other,0.9205530049685706,SIDEWAYS_LOW_VOL,73.01209677419352,SUCCESS,0.0295315190658678
2026-02-04,AKCNS.IS,Other,0.9324082302385625,SIDEWAYS_LOW_VOL,74.16129032258063,FAILURE,-0.0104166174168939
2026-02-04,AGYO.IS,Other,0.9324082302385625,SIDEWAYS_LOW_VOL,74.16129032258063,PARTIAL_SUCCESS,0.0064516375141758
2026-02-05,ACSEL.IS,Other,1.0,SIDEWAYS_LOW_VOL,63.8185483870968,SUCCESS,0.0200190509396991
2026-02-05,AEFES.IS,Other,1.0,SIDEWAYS_LOW_VOL,63.8185483870968,FAILURE,-0.0099108810782904
2026-02-05,ALFAS.IS,Other,1.0,SIDEWAYS_LOW_VOL,63.8185483870968,FAILURE,-0.028103061861792
2026-02-05,ALCAR.IS,Other,1.0,SIDEWAYS_LOW_VOL,63.8185483870968,PENDING,0.0
2026-02-06,ADEL.IS,Other,0.9185264084071748,SIDEWAYS_LOW_VOL,63.939516129032285,SUCCESS,0.0239347212403713
2026-02-06,ACSEL.IS,Other,0.9185264084071748,SIDEWAYS_LOW_VOL,63.939516129032285,SUCCESS,0.0439252051237588
2026-02-09,AGESA.IS,Other,0.9446947407188134,SIDEWAYS_LOW_VOL,80.57258064516127,PARTIAL_SUCCESS,0.0004109374638785
2026-02-09,AGHOL.IS,Other,0.9446947407188134,SIDEWAYS_LOW_VOL,80.57258064516127,SUCCESS,0.0292262635664948
2026-02-09,ALCAR.IS,Other,0.9446947407188134,SIDEWAYS_LOW_VOL,80.57258064516127,SUCCESS,0.0220214568040655
2026-02-09,ADEL.IS,Other,0.9446947407188134,SIDEWAYS_LOW_VOL,80.57258064516127,SUCCESS,0.0553021244426388
2026-02-10,AKSEN.IS,Other,1.0,SIDEWAYS_LOW_VOL,80.27016129032258,SUCCESS,0.016837391582734
2026-02-10,ADESE.IS,Other,1.0,SIDEWAYS_LOW_VOL,80.27016129032258,SUCCESS,0.0168067058527954
2026-02-11,AGHOL.IS,Other,1.0,SIDEWAYS_LOW_VOL,73.61693548387098,FAILURE,-0.0113636794661677
2026-02-11,AKYHO.IS,Other,1.0,SIDEWAYS_LOW_VOL,73.61693548387098,FAILURE,-0.0135593088835488
2026-02-12,AKCNS.IS,Other,1.0,SIDEWAYS_LOW_VOL,88.25403225806451,FAILURE,-0.0095238374348523
2026-02-12,ADESE.IS,Other,0.5952717811624781,SIDEWAYS_LOW_VOL,88.25403225806451,SUCCESS,0.0169492381566322
2026-02-13,AKCNS.IS,Other,0.9278740618193614,SIDEWAYS_LOW_VOL,89.04032258064517,PARTIAL_SUCCESS,0.0038461948146937
2026-02-13,ACSEL.IS,Other,0.9278740618193614,SIDEWAYS_LOW_VOL,89.04032258064517,PENDING,0.0
2026-02-16,AKCNS.IS,Other,0.8797871427642346,SIDEWAYS_LOW_VOL,88.7983870967742,SUCCESS,0.0129309874751784
2026-02-16,AKBNK.IS,Other,0.8797871427642346,SIDEWAYS_LOW_VOL,88.7983870967742,PARTIAL_SUCCESS,0.0090191440099891
2026-02-17,AKCNS.IS,Other,1.0,SIDEWAYS_LOW_VOL,86.86290322580645,PARTIAL_SUCCESS,0.0047281827773824
2026-02-17,ACSEL.IS,Other,0.5105723545550354,SIDEWAYS_LOW_VOL,86.86290322580645,SUCCESS,0.0155355179809792
2026-02-19,AKSUE.IS,Other,0.9906517261412848,SIDEWAYS_LOW_VOL,52.26612903225807,SUCCESS,0.0195035702337609
2026-02-20,AKSUE.IS,Other,0.6969500958454928,SIDEWAYS_LOW_VOL,53.778225806451616,PARTIAL_SUCCESS,0.0026086724322775
2026-02-23,AKSUE.IS,Other,0.7744807231523839,SIDEWAYS_LOW_VOL,54.02016129032258,FAILURE,-0.0242844526848082
2026-02-24,A1CAP.IS,Other,0.5575429237400881,SIDEWAYS_LOW_VOL,52.08467741935484,FAILURE,-0.0224718896446609
2026-02-25,A1CAP.IS,Other,0.4927504011608304,SIDEWAYS_LOW_VOL,49.66532258064517,FAILURE,-0.0511493913310564
2026-02-26,AKSGY.IS,Other,0.4075841983845173,SIDEWAYS_LOW_VOL,49.48387096774195,FAILURE,-0.0024184176866934
2026-02-27,AKSEN.IS,Other,0.3343171357908212,SIDEWAYS_LOW_VOL,47.24596774193548,FAILURE,-0.0372759637866823
2026-03-02,AKSA.IS,Other,0.3931273260436535,SIDEWAYS_LOW_VOL,42.9516129032258,FAILURE,-0.033398795030835
2026-03-03,AFYON.IS,Other,0.2887896163415644,SIDEWAYS_LOW_VOL,42.16532258064516,FAILURE,-0.0233333615426101
2026-03-04,ALBRK.IS,Other,0.3374661657996389,SIDEWAYS_LOW_VOL,42.649193548387096,FAILURE,-0.0047562385417517
2026-03-05,AKSUE.IS,Other,0.2936263241245182,SIDEWAYS_LOW_VOL,44.04032258064517,FAILURE,-0.0395115077385326
2026-03-06,AKFYE.IS,Other,0.4346191677298899,SIDEWAYS_LOW_VOL,42.70967741935484,SUCCESS,0.0138077657958199
2026-03-09,AFYON.IS,Other,0.6322328325222071,SIDEWAYS_LOW_VOL,56.50000000000001,PARTIAL_SUCCESS,0.0072895789423628
2026-03-09,AEFES.IS,Other,0.6322328325222071,SIDEWAYS_LOW_VOL,56.50000000000001,PENDING,0.0
2026-03-09,ALBRK.IS,Other,0.6322328325222071,SIDEWAYS_LOW_VOL,56.50000000000001,FAILURE,-0.0369488027801789
2026-03-09,AKFYE.IS,Other,0.6322328325222071,SIDEWAYS_LOW_VOL,56.50000000000001,SUCCESS,0.063383922200159
2026-03-09,AGYO.IS,Other,0.6322328325222071,SIDEWAYS_LOW_VOL,56.50000000000001,SUCCESS,0.0119047821784508
2026-03-10,AGYO.IS,Other,0.8274604641636578,SIDEWAYS_LOW_VOL,76.03629032258064,SUCCESS,0.0522875935138429
2026-03-10,AFYON.IS,Other,0.8274604641636578,SIDEWAYS_LOW_VOL,76.03629032258064,SUCCESS,0.0368421652016577
2026-03-11,AKSEN.IS,Other,1.0,SIDEWAYS_LOW_VOL,73.61693548387096,PARTIAL_SUCCESS,0.00208625205418
2026-03-11,AKFYE.IS,Other,1.0,SIDEWAYS_LOW_VOL,73.61693548387096,FAILURE,-0.0401353922368329
2026-03-13,AFYON.IS,Other,1.0,SIDEWAYS_LOW_VOL,72.58870967741935,SUCCESS,0.0136987294654442
2026-03-13,ALARK.IS,Other,1.0,SIDEWAYS_LOW_VOL,72.58870967741935,FAILURE,-0.0323275851437934
2026-03-16,AKSA.IS,Other,0.8931965593967606,SIDEWAYS_LOW_VOL,66.05645161290322,SUCCESS,0.0101663812609882
2026-03-16,AKMGY.IS,Other,0.8931965593967606,SIDEWAYS_LOW_VOL,66.05645161290322,FAILURE,-0.0080862633078372
2026-03-17,ALCTL.IS,Other,0.5535428941346178,SIDEWAYS_LOW_VOL,59.9475806451613,SUCCESS,0.0338582917461245
2026-03-17,AKSGY.IS,Other,0.5535428941346178,SIDEWAYS_LOW_VOL,59.9475806451613,SUCCESS,0.0225385207957409
2026-03-17,AFYON.IS,Other,0.5535428941346178,SIDEWAYS_LOW_VOL,59.9475806451613,SUCCESS,0.0110658311462206
2026-03-17,AKMGY.IS,Other,0.5535428941346178,SIDEWAYS_LOW_VOL,59.9475806451613,PARTIAL_SUCCESS,0.0045290154149206
2026-03-17,AKFYE.IS,Other,0.5535428941346178,SIDEWAYS_LOW_VOL,59.9475806451613,PARTIAL_SUCCESS,0.0037842916752979
2026-03-18,AKSGY.IS,Other,1.0,SIDEWAYS_LOW_VOL,56.31854838709679,SUCCESS,0.0162412645283296
2026-03-18,AKMGY.IS,Other,1.0,SIDEWAYS_LOW_VOL,56.31854838709679,FAILURE,-0.0081155016697268
2026-03-18,AFYON.IS,Other,1.0,SIDEWAYS_LOW_VOL,56.31854838709679,FAILURE,-0.042626672064483
2026-03-18,AKSA.IS,Other,1.0,SIDEWAYS_LOW_VOL,56.31854838709679,FAILURE,-0.0008993729156243
2026-03-18,AKSUE.IS,Other,1.0,SIDEWAYS_LOW_VOL,56.31854838709679,FAILURE,-0.0208768401617276
2026-03-19,AKMGY.IS,Other,0.9337220893187136,SIDEWAYS_LOW_VOL,57.951612903225815,PARTIAL_SUCCESS,0.005909122929991
2026-03-19,ALCTL.IS,Other,0.9337220893187136,SIDEWAYS_LOW_VOL,57.951612903225815,PARTIAL_SUCCESS,0.007930214211741
2026-03-19,ALGYO.IS,Other,0.9337220893187136,SIDEWAYS_LOW_VOL,57.951612903225815,FAILURE,-0.0272537358941686
2026-03-19,ACSEL.IS,Other,0.9337220893187136,SIDEWAYS_LOW_VOL,57.951612903225815,PARTIAL_SUCCESS,0.0058709013838764
2026-03-19,AKSGY.IS,Other,0.9337220893187136,SIDEWAYS_LOW_VOL,57.951612903225815,PARTIAL_SUCCESS,0.0045662820901106
2026-03-23,ALGYO.IS,Other,0.7801852396054996,SIDEWAYS_LOW_VOL,56.56048387096775,SUCCESS,0.0172414150061543
2026-03-23,AKSEN.IS,Other,0.7801852396054996,SIDEWAYS_LOW_VOL,56.56048387096775,FAILURE,-0.0243745217558628
2026-03-24,AKSGY.IS,Other,1.0,SIDEWAYS_LOW_VOL,58.37500000000001,FAILURE,-0.0102040445539101
2026-03-24,ADEL.IS,Other,1.0,SIDEWAYS_LOW_VOL,58.37500000000001,PARTIAL_SUCCESS,0.001177883292277
2026-03-24,ALCTL.IS,Other,1.0,SIDEWAYS_LOW_VOL,58.37500000000001,PARTIAL_SUCCESS,0.0093823656240841
2026-03-25,ALFAS.IS,Other,0.8978718895559586,SIDEWAYS_LOW_VOL,50.330645161290334,PARTIAL_SUCCESS,0.0065680858718193
2026-03-25,ADEL.IS,Other,0.8978718895559586,SIDEWAYS_LOW_VOL,50.330645161290334,FAILURE,-0.017647013944738
2026-03-25,AGHOL.IS,Other,0.8978718895559586,SIDEWAYS_LOW_VOL,50.330645161290334,FAILURE,-0.0021644829519701
2026-03-26,AGESA.IS,Other,0.6467665069300164,SIDEWAYS_LOW_VOL,51.29838709677419,PARTIAL_SUCCESS,0.0009186814471557
2026-03-26,ALCTL.IS,Other,0.6467665069300164,SIDEWAYS_LOW_VOL,51.29838709677419,PARTIAL_SUCCESS,0.0044610119220491
2026-03-27,ALGYO.IS,Other,0.882829575753444,SIDEWAYS_LOW_VOL,44.82661290322583,SUCCESS,0.0569260908067128
2026-03-27,AKMGY.IS,Other,0.882829575753444,SIDEWAYS_LOW_VOL,44.82661290322583,FAILURE,-0.0400696453805262
2026-03-27,ADGYO.IS,Other,0.882829575753444,SIDEWAYS_LOW_VOL,44.82661290322583,FAILURE,-0.0250215831552976
2026-03-30,ADEL.IS,Other,0.7898215622497624,SIDEWAYS_LOW_VOL,48.697580645161295,SUCCESS,0.0995723321442989
2026-03-30,ALFAS.IS,Other,0.7898215622497624,SIDEWAYS_LOW_VOL,48.697580645161295,PARTIAL_SUCCESS,0.0088740899233918
2026-03-30,AKFYE.IS,Other,0.7898215622497624,SIDEWAYS_LOW_VOL,48.697580645161295,SUCCESS,0.0998970404961934
2026-03-30,AKMGY.IS,Other,0.7898215622497624,SIDEWAYS_LOW_VOL,48.697580645161295,FAILURE,-0.0308529362454821
2026-03-31,AKBNK.IS,Other,0.6554602940536434,SIDEWAYS_LOW_VOL,56.07661290322581,PARTIAL_SUCCESS,0.0060975843777908
2026-03-31,ADEL.IS,Other,0.6554602940536434,SIDEWAYS_LOW_VOL,56.07661290322581,SUCCESS,0.0999999576144745
2026-03-31,AKENR.IS,Other,0.6554602940536434,SIDEWAYS_LOW_VOL,56.07661290322581,FAILURE,-0.0125786044065953
2026-04-01,AKBNK.IS,Other,0.923157317661598,SIDEWAYS_LOW_VOL,62.00403225806451,SUCCESS,0.0340909090909091
2026-04-01,AHGAZ.IS,Other,0.923157317661598,SIDEWAYS_LOW_VOL,62.00403225806451,FAILURE,-0.0345438746360049
2026-04-02,ALKA.IS,Other,1.0,SIDEWAYS_LOW_VOL,63.33467741935481,PARTIAL_SUCCESS,0.0027323030870907
2026-04-02,ALCAR.IS,Other,1.0,SIDEWAYS_LOW_VOL,63.33467741935481,FAILURE,-0.015006821282401
2026-04-03,AEFES.IS,Other,1.0,SIDEWAYS_LOW_VOL,70.9556451612903,SUCCESS,0.0150811812600981
2026-04-03,AGHOL.IS,Other,1.0,SIDEWAYS_LOW_VOL,70.9556451612903,PARTIAL_SUCCESS,0.0064794238077063
2026-04-03,ALKA.IS,Other,1.0,SIDEWAYS_LOW_VOL,70.9556451612903,SUCCESS,0.0499546030246287
2026-04-06,ALFAS.IS,Other,1.0,SIDEWAYS_LOW_VOL,74.8266129032258,PARTIAL_SUCCESS,0.0080385648315572
2026-04-06,AEFES.IS,Other,1.0,SIDEWAYS_LOW_VOL,74.8266129032258,FAILURE,-0.0148571183650323
2026-04-06,AGESA.IS,Other,1.0,SIDEWAYS_LOW_VOL,74.8266129032258,SUCCESS,0.0355002877994825
2026-04-06,AGHOL.IS,Other,1.0,SIDEWAYS_LOW_VOL,74.8266129032258,PARTIAL_SUCCESS,0.0078684273214193
2026-04-07,AGHOL.IS,Other,1.0,SIDEWAYS_LOW_VOL,57.40725806451614,FAILURE,-0.0227111207493808
2026-04-07,AKGRT.IS,Other,1.0,SIDEWAYS_LOW_VOL,57.40725806451614,FAILURE,-0.0140844937994042
2026-04-07,AEFES.IS,Other,1.0,SIDEWAYS_LOW_VOL,57.40725806451614,FAILURE,-0.0365429180630465
2026-04-08,AGHOL.IS,Other,0.798595589635398,SIDEWAYS_LOW_VOL,70.47177419354838,SUCCESS,0.0631808174754684
2026-04-08,AEFES.IS,Other,0.798595589635398,SIDEWAYS_LOW_VOL,70.47177419354838,SUCCESS,0.0505719754934472
2026-04-08,ACSEL.IS,Other,0.798595589635398,SIDEWAYS_LOW_VOL,70.47177419354838,SUCCESS,0.0626703144550973
2026-04-08,ALARK.IS,Other,0.798595589635398,SIDEWAYS_LOW_VOL,70.47177419354838,SUCCESS,0.0424068418136642
2026-04-08,ADEL.IS,Other,0.798595589635398,SIDEWAYS_LOW_VOL,70.47177419354838,FAILURE,-0.0114122569320964
2026-04-09,AKYHO.IS,Other,0.9202972127469324,SIDEWAYS_LOW_VOL,73.61693548387098,FAILURE,-0.0076628282491862
2026-04-09,ALGYO.IS,Other,0.9202972127469324,SIDEWAYS_LOW_VOL,73.61693548387098,FAILURE,-0.0344826697777844
2026-04-10,ALCTL.IS,Other,0.9151494839839686,SIDEWAYS_LOW_VOL,79.12096774193547,SUCCESS,0.0120738417002539
2026-04-10,AKCNS.IS,Other,0.9151494839839686,SIDEWAYS_LOW_VOL,79.12096774193547,SUCCESS,0.016154299647213
2026-04-10,AKGRT.IS,Other,0.9151494839839686,SIDEWAYS_LOW_VOL,79.12096774193547,SUCCESS,0.0148648827157809
2026-04-10,AKBNK.IS,Other,0.9151494839839686,SIDEWAYS_LOW_VOL,79.12096774193547,SUCCESS,0.0411686367660608
2026-04-13,AGYO.IS,Other,0.9604477236089832,SIDEWAYS_LOW_VOL,76.21774193548387,FAILURE,-0.0232828644601226
2026-04-13,AKSA.IS,Other,0.9604477236089832,SIDEWAYS_LOW_VOL,76.21774193548387,FAILURE,-0.0009708959899662
2026-04-13,A1CAP.IS,Other,0.9604477236089832,SIDEWAYS_LOW_VOL,76.21774193548387,FAILURE,-0.0372881485243975
2026-04-14,AGESA.IS,Other,0.9731153485060948,SIDEWAYS_LOW_VOL,80.45161290322581,FAILURE,-0.006751080605551
2026-04-14,AKSUE.IS,Other,0.9731153485060948,SIDEWAYS_LOW_VOL,80.45161290322581,SUCCESS,0.0694526380854754
2026-04-15,AKYHO.IS,Other,0.8847086133980367,SIDEWAYS_LOW_VOL,82.4475806451613,PENDING,0.0
2026-04-15,ALFAS.IS,Other,0.8847086133980367,SIDEWAYS_LOW_VOL,82.4475806451613,SUCCESS,0.0182767826862539
2026-04-16,AKYHO.IS,Other,1.0,SIDEWAYS_LOW_VOL,82.4475806451613,FAILURE,-0.0111940188964509
2026-04-16,AKFGY.IS,Other,1.0,SIDEWAYS_LOW_VOL,82.4475806451613,FAILURE,-0.0035714252262697
2026-04-17,AKFYE.IS,Other,0.7356847060184651,SIDEWAYS_LOW_VOL,87.52822580645162,FAILURE,-0.0092336456301198
2026-04-17,AKENR.IS,Other,0.7356847060184651,SIDEWAYS_LOW_VOL,87.52822580645162,SUCCESS,0.0190955314271157
2026-04-17,ADGYO.IS,Other,0.7356847060184651,SIDEWAYS_LOW_VOL,87.52822580645162,SUCCESS,0.0134453653287487
2026-04-20,ALFAS.IS,Other,0.9276795876969888,SIDEWAYS_LOW_VOL,86.56048387096774,SUCCESS,0.0164835122957294
2026-04-20,AKFYE.IS,Other,0.9276795876969888,SIDEWAYS_LOW_VOL,86.56048387096774,SUCCESS,0.0205032876434734
2026-04-21,AGYO.IS,Other,1.0,SIDEWAYS_LOW_VOL,85.89516129032259,FAILURE,-0.0252003808579966
2026-04-21,AKSEN.IS,Other,1.0,SIDEWAYS_LOW_VOL,85.89516129032259,PARTIAL_SUCCESS,0.0056603389715998
2026-04-22,AGYO.IS,Other,0.8460058227841416,SIDEWAYS_LOW_VOL,82.32661290322582,PARTIAL_SUCCESS,0.0070504658435557
2026-04-22,AKYHO.IS,Other,0.8460058227841416,SIDEWAYS_LOW_VOL,82.32661290322582,FAILURE,-0.007272720336914
2026-04-22,AKSA.IS,Other,0.8460058227841416,SIDEWAYS_LOW_VOL,82.32661290322582,FAILURE,-0.0104761577787853
2026-04-22,AGHOL.IS,Other,0.8460058227841416,SIDEWAYS_LOW_VOL,82.32661290322582,FAILURE,-0.0206508093341204
2026-04-22,AKFGY.IS,Other,0.8460058227841416,SIDEWAYS_LOW_VOL,82.32661290322582,FAILURE,-0.0069930005804575
2026-04-24,ADESE.IS,Other,0.395181835931044,SIDEWAYS_LOW_VOL,58.375,SUCCESS,0.0194174577495647
2026-04-24,ALGYO.IS,Other,0.395181835931044,SIDEWAYS_LOW_VOL,58.375,FAILURE,-0.0544746787187193
2026-04-24,AGYO.IS,Other,0.395181835931044,SIDEWAYS_LOW_VOL,58.375,SUCCESS,0.0140023208672406
2026-04-24,ALARK.IS,Other,0.395181835931044,SIDEWAYS_LOW_VOL,58.375,PARTIAL_SUCCESS,0.0064934898724331
2026-04-24,AKSUE.IS,Other,0.395181835931044,SIDEWAYS_LOW_VOL,58.375,FAILURE,-0.0048648731128589
2026-04-27,ALGYO.IS,Other,0.707206200091079,SIDEWAYS_LOW_VOL,69.38306451612902,SUCCESS,0.074073975242227
2026-04-27,AKSEN.IS,Other,0.707206200091079,SIDEWAYS_LOW_VOL,69.38306451612902,SUCCESS,0.0344615760216346
2026-04-27,ACSEL.IS,Other,0.707206200091079,SIDEWAYS_LOW_VOL,69.38306451612902,SUCCESS,0.0249999999999999
2026-04-27,ALFAS.IS,Other,0.707206200091079,SIDEWAYS_LOW_VOL,69.38306451612902,SUCCESS,0.0161290167521737
2026-04-27,AKSUE.IS,Other,0.707206200091079,SIDEWAYS_LOW_VOL,69.38306451612902,FAILURE,-0.0744160208169336
2026-04-28,ALARK.IS,Other,1.0,SIDEWAYS_LOW_VOL,52.62903225806451,SUCCESS,0.010515247277024
2026-04-28,AGYO.IS,Other,1.0,SIDEWAYS_LOW_VOL,52.62903225806451,PARTIAL_SUCCESS,0.0011376824715854
2026-04-29,AKSEN.IS,Other,0.8584313490026277,SIDEWAYS_LOW_VOL,56.86290322580646,PARTIAL_SUCCESS,0.0012040755020656
2026-04-29,AKFGY.IS,Other,0.8584313490026277,SIDEWAYS_LOW_VOL,56.86290322580646,FAILURE,-0.0035211235089708
2026-04-29,ADESE.IS,Other,0.8584313490026277,SIDEWAYS_LOW_VOL,56.86290322580646,SUCCESS,0.0186915700430858
2026-04-29,AKBNK.IS,Other,0.8584313490026277,SIDEWAYS_LOW_VOL,56.86290322580646,FAILURE,-0.0296247543174137
2026-04-29,ALGYO.IS,Other,0.8584313490026277,SIDEWAYS_LOW_VOL,56.86290322580646,SUCCESS,0.0992367083954743
2026-04-30,AGYO.IS,Other,0.6336416761923741,SIDEWAYS_LOW_VOL,67.44758064516131,SUCCESS,0.0169312011260824
2026-04-30,ALGYO.IS,Other,0.6336416761923741,SIDEWAYS_LOW_VOL,67.44758064516131,SUCCESS,0.0989582499439623
2026-04-30,AGESA.IS,Other,0.6336416761923741,SIDEWAYS_LOW_VOL,67.44758064516131,SUCCESS,0.0519650388492769
2026-04-30,AKSA.IS,Other,0.6336416761923741,SIDEWAYS_LOW_VOL,67.44758064516131,SUCCESS,0.0362035103612232
2026-04-30,ALFAS.IS,Other,0.6336416761923741,SIDEWAYS_LOW_VOL,67.44758064516131,PARTIAL_SUCCESS,0.0048756889494767
2026-05-04,ALCTL.IS,Other,1.0,SIDEWAYS_LOW_VOL,53.17338709677419,FAILURE,-0.088856549937859
2026-05-04,AGYO.IS,Other,1.0,SIDEWAYS_LOW_VOL,53.17338709677419,FAILURE,-0.0228927493458994
2026-05-04,AKGRT.IS,Other,1.0,SIDEWAYS_LOW_VOL,53.17338709677419,PARTIAL_SUCCESS,0.0071531033436449
2026-05-04,AKSUE.IS,Other,1.0,SIDEWAYS_LOW_VOL,53.17338709677419,SUCCESS,0.0755042903250595
2026-05-04,AKBNK.IS,Other,1.0,SIDEWAYS_LOW_VOL,53.17338709677419,FAILURE,-0.0348360044900865
2026-05-05,ACSEL.IS,Other,1.0,SIDEWAYS_LOW_VOL,81.05645161290322,SUCCESS,0.0135644543568442
2026-05-05,AKSA.IS,Other,1.0,SIDEWAYS_LOW_VOL,81.05645161290322,SUCCESS,0.0272638481490548
2026-05-05,AKBNK.IS,Other,1.0,SIDEWAYS_LOW_VOL,81.05645161290322,PARTIAL_SUCCESS,0.000707649275067
2026-05-05,ALGYO.IS,Other,1.0,SIDEWAYS_LOW_VOL,81.05645161290322,SUCCESS,0.0197568150540461
2026-05-06,ALARK.IS,Other,1.0,SIDEWAYS_LOW_VOL,86.92338709677419,SUCCESS,0.0596936231885225
2026-05-06,AEFES.IS,Other,1.0,SIDEWAYS_LOW_VOL,86.92338709677419,SUCCESS,0.0351603295594109
2026-05-07,AGHOL.IS,Other,1.0,SIDEWAYS_LOW_VOL,88.85887096774194,SUCCESS,0.0532475037616844
2026-05-07,ALGYO.IS,Other,1.0,SIDEWAYS_LOW_VOL,88.85887096774194,SUCCESS,0.0194444679787795
2026-05-08,AKFYE.IS,Other,1.0,SIDEWAYS_LOW_VOL,68.51612903225809,PARTIAL_SUCCESS,0.0094501420474912
2026-05-08,AKENR.IS,Other,1.0,SIDEWAYS_LOW_VOL,68.51612903225809,SUCCESS,0.0997255372510588
2026-05-11,ALGYO.IS,Other,1.0,SIDEWAYS_LOW_VOL,89.16129032258063,FAILURE,-0.0430555361906892
2026-05-11,AGYO.IS,Other,0.628023326194449,SIDEWAYS_LOW_VOL,89.16129032258063,FAILURE,-0.0030992443904641
2026-05-12,ADEL.IS,Other,0.4804684303205193,SIDEWAYS_LOW_VOL,84.02016129032258,FAILURE,-0.0997731941819375
2026-05-12,ADGYO.IS,Other,0.4804684303205193,SIDEWAYS_LOW_VOL,84.02016129032258,PARTIAL_SUCCESS,0.0016502028273328
2026-05-13,AKENR.IS,Other,0.4085079220421856,SIDEWAYS_LOW_VOL,61.76209677419354,SUCCESS,0.0312732737714149
2026-05-13,ADGYO.IS,Other,0.4085079220421856,SIDEWAYS_LOW_VOL,61.76209677419354,FAILURE,-0.0247116965592499
2026-05-13,AGHOL.IS,Other,0.4085079220421856,SIDEWAYS_LOW_VOL,61.76209677419354,SUCCESS,0.0366196968186069
2026-05-13,ACSEL.IS,Other,0.4085079220421856,SIDEWAYS_LOW_VOL,61.76209677419354,SUCCESS,0.0227272727272727
2026-05-14,AGHOL.IS,Other,0.4294128063393535,SIDEWAYS_LOW_VOL,57.52822580645163,FAILURE,-0.0005434907113672
2026-05-14,ALKA.IS,Other,0.4294128063393535,SIDEWAYS_LOW_VOL,57.52822580645163,FAILURE,-0.0478547796355279
2026-05-18,ACSEL.IS,Other,0.33685635725935,SIDEWAYS_LOW_VOL,50.935483870967744,SUCCESS,0.0993745910930659
2026-05-20,AKENR.IS,Other,0.39970742487728,SIDEWAYS_LOW_VOL,49.66532258064517,FAILURE,-0.0508340218876963
2026-05-21,AKMGY.IS,Other,0.3303500963809825,SIDEWAYS_LOW_VOL,43.49596774193548,PARTIAL_SUCCESS,0.0036436402508179
2026-05-22,ALCAR.IS,Other,0.6629856686325176,SIDEWAYS_LOW_VOL,47.54838709677419,SUCCESS,0.0335714285714285
2026-05-22,AHGAZ.IS,Other,0.6629856686325176,SIDEWAYS_LOW_VOL,47.54838709677419,SUCCESS,0.0451826805902693
2026-05-22,ALFAS.IS,Other,0.6629856686325176,SIDEWAYS_LOW_VOL,47.54838709677419,SUCCESS,0.0613406393686901
2026-05-22,AEFES.IS,Other,0.6629856686325176,SIDEWAYS_LOW_VOL,47.54838709677419,SUCCESS,0.037674960485136
2026-05-22,AFYON.IS,Other,0.6629856686325176,SIDEWAYS_LOW_VOL,47.54838709677419,SUCCESS,0.0261865538323775
2026-05-25,AKYHO.IS,Other,1.0,SIDEWAYS_LOW_VOL,57.58870967741936,PARTIAL_SUCCESS,0.003717468494625
2026-05-25,AKFYE.IS,Other,1.0,SIDEWAYS_LOW_VOL,57.58870967741936,FAILURE,-0.0037037001061669
2026-05-26,AKBNK.IS,Other,1.0,SIDEWAYS_LOW_VOL,49.18145161290322,FAILURE,-0.0214067506607766
2026-05-26,ACSEL.IS,Other,1.0,SIDEWAYS_LOW_VOL,49.18145161290322,FAILURE,-0.063157912583379
2026-05-27,AKMGY.IS,Other,0.7932385662123765,SIDEWAYS_LOW_VOL,61.5861660014395,PENDING,0.0
2026-05-27,AKSEN.IS,Other,0.7932385662123765,SIDEWAYS_LOW_VOL,61.5861660014395,PENDING,0.0
2026-05-27,AGESA.IS,Other,0.7932385662123765,SIDEWAYS_LOW_VOL,61.5861660014395,PENDING,0.0
2026-05-27,ALARK.IS,Other,0.7932385662123765,SIDEWAYS_LOW_VOL,61.5861660014395,PENDING,0.0
2026-05-27,AEFES.IS,Other,0.7932385662123765,SIDEWAYS_LOW_VOL,61.5861660014395,PENDING,0.0
2026-05-28,AFYON.IS,Other,0.1056499166463307,SIDEWAYS_LOW_VOL,79.09127789046654,PENDING,0.0
2026-05-28,AEFES.IS,Other,0.1056499166463307,SIDEWAYS_LOW_VOL,79.09127789046654,PENDING,0.0
2026-05-28,ALCTL.IS,Other,0.1056499166463307,SIDEWAYS_LOW_VOL,79.09127789046654,PENDING,0.0
2026-05-29,ALGYO.IS,Other,0.0,SIDEWAYS_LOW_VOL,72.53595498266048,PENDING,0.0
2026-05-29,ACSEL.IS,Other,0.0,SIDEWAYS_LOW_VOL,72.53595498266048,PENDING,0.0
2026-05-29,AKYHO.IS,Other,0.0,SIDEWAYS_LOW_VOL,72.53595498266048,PENDING,0.0
2026-06-01,AKYHO.IS,Other,0.0,SIDEWAYS_LOW_VOL,69.26209677419352,SUCCESS,0.0110294011302269
2026-06-02,AKBNK.IS,Other,1.0,SIDEWAYS_LOW_VOL,82.87096774193549,SUCCESS,0.0353217607276981
2026-06-02,AKFGY.IS,Other,1.0,SIDEWAYS_LOW_VOL,82.87096774193549,SUCCESS,0.0216606293114385
2026-06-02,AGESA.IS,Other,1.0,SIDEWAYS_LOW_VOL,82.87096774193549,SUCCESS,0.0413943355119825
2026-06-02,ALFAS.IS,Other,1.0,SIDEWAYS_LOW_VOL,82.87096774193549,SUCCESS,0.0994264022714297
2026-06-02,AKFYE.IS,Other,1.0,SIDEWAYS_LOW_VOL,82.87096774193549,SUCCESS,0.0273972781699065
2026-06-03,AGESA.IS,Other,1.0,SIDEWAYS_LOW_VOL,71.94902833213374,FAILURE,-0.0192468874624083
2026-06-03,AKFYE.IS,Other,1.0,SIDEWAYS_LOW_VOL,71.94902833213374,FAILURE,-0.0240000406901041
2026-06-03,AKBNK.IS,Other,1.0,SIDEWAYS_LOW_VOL,71.94902833213374,FAILURE,-0.0166792801368038
2026-06-03,ALFAS.IS,Other,1.0,SIDEWAYS_LOW_VOL,71.94902833213374,SUCCESS,0.0765217656674592
2026-06-03,ALARK.IS,Other,1.0,SIDEWAYS_LOW_VOL,71.94902833213374,PARTIAL_SUCCESS,0.0070211093185901
2026-06-04,ALFAS.IS,Other,0.4968310221479134,SIDEWAYS_LOW_VOL,71.16457828960283,FAILURE,-0.0573506133157952
2026-06-04,ALARK.IS,Other,0.4968310221479134,SIDEWAYS_LOW_VOL,71.16457828960283,PARTIAL_SUCCESS,0.006972081051829
2026-06-04,AKFYE.IS,Other,0.4968310221479134,SIDEWAYS_LOW_VOL,71.16457828960283,SUCCESS,0.042805126286288
2026-06-04,AGESA.IS,Other,0.4968310221479134,SIDEWAYS_LOW_VOL,71.16457828960283,PARTIAL_SUCCESS,0.0081058413171823
2026-06-04,AKSA.IS,Other,0.4968310221479134,SIDEWAYS_LOW_VOL,71.16457828960283,SUCCESS,0.0179923837910414
2026-06-05,AKBNK.IS,Other,1.0,SIDEWAYS_LOW_VOL,62.20928482627757,FAILURE,-0.0394639086472339
2026-06-05,AGESA.IS,Other,1.0,SIDEWAYS_LOW_VOL,62.20928482627757,FAILURE,-0.0021159542680602
2026-06-05,AKFYE.IS,Other,1.0,SIDEWAYS_LOW_VOL,62.20928482627757,SUCCESS,0.0995633504203452
2026-06-05,ALCTL.IS,Other,1.0,SIDEWAYS_LOW_VOL,62.20928482627757,PARTIAL_SUCCESS,0.006044386784187
2026-06-05,ALFAS.IS,Other,1.0,SIDEWAYS_LOW_VOL,62.20928482627757,FAILURE,-0.0471293928348542
2026-06-08,A1CAP.IS,Other,0.3227539433220025,SIDEWAYS_LOW_VOL,55.53225806451615,FAILURE,-0.0090817511577855
2026-06-09,AKSGY.IS,Other,0.6977606752899456,SIDEWAYS_LOW_VOL,46.822580645161295,FAILURE,-0.0021786990303686
2026-06-09,AKSUE.IS,Other,0.6977606752899456,SIDEWAYS_LOW_VOL,46.822580645161295,FAILURE,-0.0037695043605051
2026-06-09,ALBRK.IS,Other,0.6977606752899456,SIDEWAYS_LOW_VOL,46.822580645161295,FAILURE,-0.0159508180185712
2026-06-09,AKSA.IS,Other,0.6977606752899456,SIDEWAYS_LOW_VOL,46.822580645161295,FAILURE,-0.0134168665572527
2026-06-09,AFYON.IS,Other,0.6977606752899456,SIDEWAYS_LOW_VOL,46.822580645161295,FAILURE,-0.004669293216771
2026-06-10,ADEL.IS,Other,0.5148968005003116,SIDEWAYS_LOW_VOL,45.612903225806456,PENDING,0.0
2026-06-11,AKSEN.IS,Other,0.2198878293558416,SIDEWAYS_LOW_VOL,44.64516129032258,FAILURE,-0.0045661900476665
2026-06-12,ALCTL.IS,Other,0.7820143064297065,SIDEWAYS_LOW_VOL,48.27419354838711,SUCCESS,0.0835102816482991
2026-06-12,AGESA.IS,Other,0.7820143064297065,SIDEWAYS_LOW_VOL,48.27419354838711,PARTIAL_SUCCESS,0.003006012024048
2026-06-12,AKBNK.IS,Other,0.7820143064297065,SIDEWAYS_LOW_VOL,48.27419354838711,SUCCESS,0.0868262748112354
2026-06-12,AKSEN.IS,Other,0.7820143064297065,SIDEWAYS_LOW_VOL,48.27419354838711,SUCCESS,0.0465268057716217
2026-06-12,AHGAZ.IS,Other,0.7820143064297065,SIDEWAYS_LOW_VOL,48.27419354838711,SUCCESS,0.0398009572565305
2026-06-15,AKSGY.IS,Other,1.0,SIDEWAYS_LOW_VOL,65.51209677419355,SUCCESS,0.0296053137227776
2026-06-15,AKSA.IS,Other,1.0,SIDEWAYS_LOW_VOL,65.51209677419355,SUCCESS,0.0809353040887499
2026-06-15,AFYON.IS,Other,1.0,SIDEWAYS_LOW_VOL,65.51209677419355,SUCCESS,0.0315956221979225
2026-06-15,AHGAZ.IS,Other,1.0,SIDEWAYS_LOW_VOL,65.51209677419355,FAILURE,-0.0161482393243513
2026-06-15,ALCTL.IS,Other,1.0,SIDEWAYS_LOW_VOL,65.51209677419355,SUCCESS,0.0182886197344471
2026-06-16,ALCTL.IS,Other,1.0,SIDEWAYS_LOW_VOL,75.25,SUCCESS,0.0391276866089291
2026-06-16,AFYON.IS,Other,1.0,SIDEWAYS_LOW_VOL,75.25,FAILURE,-0.0061256412565046
2026-06-16,AHGAZ.IS,Other,1.0,SIDEWAYS_LOW_VOL,75.25,PARTIAL_SUCCESS,0.0079026841785612
2026-06-16,ADGYO.IS,Other,1.0,SIDEWAYS_LOW_VOL,75.25,PARTIAL_SUCCESS,0.0018181540749289
2026-06-16,AKFGY.IS,Other,1.0,SIDEWAYS_LOW_VOL,75.25,FAILURE,-0.0070422470179417
2026-06-17,ADGYO.IS,Other,0.4279215472942255,SIDEWAYS_LOW_VOL,73.6774193548387,FAILURE,-0.0063520595973423
2026-06-17,ALCTL.IS,Other,0.4279215472942255,SIDEWAYS_LOW_VOL,73.6774193548387,FAILURE,-0.0160494203920718
2026-06-17,AKSUE.IS,Other,0.4279215472942255,SIDEWAYS_LOW_VOL,73.6774193548387,FAILURE,-0.0079364879131113
2026-06-17,ALARK.IS,Other,0.4279215472942255,SIDEWAYS_LOW_VOL,73.6774193548387,FAILURE,-0.0298651831635288
2026-06-17,AKSEN.IS,Other,0.4279215472942255,SIDEWAYS_LOW_VOL,73.6774193548387,FAILURE,-0.0152905198776758
2026-06-18,AKSUE.IS,Other,0.1051610855687373,SIDEWAYS_LOW_VOL,79.06048387096774,FAILURE,-0.0127999877929687
2026-06-19,A1CAP.IS,Other,1.0,SIDEWAYS_LOW_VOL,73.97983870967741,SUCCESS,0.0257681095094088
2026-06-19,AHGAZ.IS,Other,1.0,SIDEWAYS_LOW_VOL,73.97983870967741,FAILURE,-0.0066964753751393
2026-06-19,ALCTL.IS,Other,1.0,SIDEWAYS_LOW_VOL,73.97983870967741,FAILURE,-0.016853913855657
2026-06-19,AEFES.IS,Other,1.0,SIDEWAYS_LOW_VOL,73.97983870967741,FAILURE,-0.023234200249267
2026-06-19,AKSUE.IS,Other,1.0,SIDEWAYS_LOW_VOL,73.97983870967741,FAILURE,-0.0302538875752467
2026-06-22,AHGAZ.IS,Other,0.3850317787294113,SIDEWAYS_LOW_VOL,59.282258064516135,FAILURE,-0.0016853247518356
2026-06-22,A1CAP.IS,Other,0.3850317787294113,SIDEWAYS_LOW_VOL,59.282258064516135,SUCCESS,0.0212559715213509
2026-06-22,AGHOL.IS,Other,0.3850317787294113,SIDEWAYS_LOW_VOL,59.282258064516135,FAILURE,-0.0217008180903915
2026-06-22,AEFES.IS,Other,0.3850317787294113,SIDEWAYS_LOW_VOL,59.282258064516135,PARTIAL_SUCCESS,0.0019029023457484
2026-06-22,AKCNS.IS,Other,0.3850317787294113,SIDEWAYS_LOW_VOL,59.282258064516135,FAILURE,-0.0343811384585176
2026-06-23,AKSA.IS,Other,0.7824221965999777,SIDEWAYS_LOW_VOL,48.81854838709678,FAILURE,-0.0381184322738861
2026-06-23,AEFES.IS,Other,0.7824221965999777,SIDEWAYS_LOW_VOL,48.81854838709678,FAILURE,-0.0246912898196396
2026-06-23,AHGAZ.IS,Other,0.7824221965999777,SIDEWAYS_LOW_VOL,48.81854838709678,SUCCESS,0.0191333789436873
2026-06-23,AKCNS.IS,Other,0.7824221965999777,SIDEWAYS_LOW_VOL,48.81854838709678,FAILURE,-0.0050864698319158
2026-06-23,AGHOL.IS,Other,0.7824221965999777,SIDEWAYS_LOW_VOL,48.81854838709678,FAILURE,-0.0155875434127634
2026-06-24,AKFGY.IS,Other,0.2105588635512946,SIDEWAYS_LOW_VOL,47.54838709677421,FAILURE,-0.0246478645627961
2026-06-25,AKFGY.IS,Other,0.474312654060652,SIDEWAYS_LOW_VOL,43.73790322580645,FAILURE,-0.0072202097704795
2026-06-26,A1CAP.IS,Other,0.6230735834444002,SIDEWAYS_LOW_VOL,43.97983870967742,FAILURE,-0.0585626241595904
2026-06-29,AKFYE.IS,Other,0.950972034193345,SIDEWAYS_LOW_VOL,44.16129032258065,SUCCESS,0.0742081158977505
2026-06-29,ALCAR.IS,Other,0.950972034193345,SIDEWAYS_LOW_VOL,44.16129032258065,SUCCESS,0.0306834030683402
2026-06-29,AKSGY.IS,Other,0.950972034193345,SIDEWAYS_LOW_VOL,44.16129032258065,FAILURE,-0.031632695263596
2026-06-29,AKSUE.IS,Other,0.950972034193345,SIDEWAYS_LOW_VOL,44.16129032258065,SUCCESS,0.0136986301369863
2026-06-29,A1CAP.IS,Other,0.950972034193345,SIDEWAYS_LOW_VOL,44.16129032258065,SUCCESS,0.0245052061541029
2026-06-30,ALCAR.IS,Other,1.0,SIDEWAYS_LOW_VOL,44.46370967741936,SUCCESS,0.0595399188092016
2026-06-30,AKSUE.IS,Other,1.0,SIDEWAYS_LOW_VOL,44.46370967741936,SUCCESS,0.0551351598791174
2026-06-30,AKMGY.IS,Other,1.0,SIDEWAYS_LOW_VOL,44.46370967741936,FAILURE,-0.0028805988985343
2026-06-30,AKCNS.IS,Other,1.0,SIDEWAYS_LOW_VOL,44.46370967741936,SUCCESS,0.0999999852572086
2026-06-30,AKFYE.IS,Other,1.0,SIDEWAYS_LOW_VOL,44.46370967741936,FAILURE,-0.0547598672954543
2026-07-01,AKSUE.IS,Other,0.771603888712641,SIDEWAYS_LOW_VOL,50.81451612903227,SUCCESS,0.0998974800133902
2026-07-01,ALCAR.IS,Other,0.771603888712641,SIDEWAYS_LOW_VOL,50.81451612903227,SUCCESS,0.0338441890166028
2026-07-01,AKCNS.IS,Other,0.771603888712641,SIDEWAYS_LOW_VOL,50.81451612903227,FAILURE,-0.022837053218864
2026-07-01,AKYHO.IS,Other,0.771603888712641,SIDEWAYS_LOW_VOL,50.81451612903227,PARTIAL_SUCCESS,0.0040650367106453
2026-07-01,AKMGY.IS,Other,0.771603888712641,SIDEWAYS_LOW_VOL,50.81451612903227,SUCCESS,0.015270255955424
2026-07-02,AKCNS.IS,Other,0.9365279828444688,SIDEWAYS_LOW_VOL,58.01209677419356,FAILURE,-0.0229213757461375
2026-07-02,AKSUE.IS,Other,0.9365279828444688,SIDEWAYS_LOW_VOL,58.01209677419356,SUCCESS,0.0246856405959849
2026-07-02,AHGAZ.IS,Other,0.9365279828444688,SIDEWAYS_LOW_VOL,58.01209677419356,FAILURE,-0.0880121259903596
2026-07-02,ALCAR.IS,Other,0.9365279828444688,SIDEWAYS_LOW_VOL,58.01209677419356,FAILURE,-0.057442865966646
2026-07-02,AKFYE.IS,Other,0.9365279828444688,SIDEWAYS_LOW_VOL,58.01209677419356,SUCCESS,0.0214477867553466
2026-07-03,ALCAR.IS,Other,0.6401773070573369,SIDEWAYS_LOW_VOL,58.25403225806453,SUCCESS,0.0550458715596329
2026-07-03,AGHOL.IS,Other,0.6401773070573369,SIDEWAYS_LOW_VOL,58.25403225806453,FAILURE,-0.0211765064912683
2026-07-03,AHGAZ.IS,Other,0.6401773070573369,SIDEWAYS_LOW_VOL,58.25403225806453,FAILURE,-0.0083195518672392
2026-07-03,AFYON.IS,Other,0.6401773070573369,SIDEWAYS_LOW_VOL,58.25403225806453,PARTIAL_SUCCESS,0.0015419817793063
2026-07-03,AKSUE.IS,Other,0.6401773070573369,SIDEWAYS_LOW_VOL,58.25403225806453,FAILURE,-0.0236363844438032
2026-07-06,AFYON.IS,Other,0.7110075382872099,SIDEWAYS_LOW_VOL,54.08064516129034,FAILURE,-0.0123171555220386
2026-07-06,AKCNS.IS,Other,0.7110075382872099,SIDEWAYS_LOW_VOL,54.08064516129034,FAILURE,-0.0292764526194508
2026-07-06,AKSEN.IS,Other,0.7110075382872099,SIDEWAYS_LOW_VOL,54.08064516129034,SUCCESS,0.0512979165340481
2026-07-06,AHGAZ.IS,Other,0.7110075382872099,SIDEWAYS_LOW_VOL,54.08064516129034,FAILURE,-0.0268456132419498
2026-07-06,AGHOL.IS,Other,0.7110075382872099,SIDEWAYS_LOW_VOL,54.08064516129034,FAILURE,-0.0132211130663473
2026-07-07,AKSEN.IS,Other,0.2220737195346357,SIDEWAYS_LOW_VOL,54.3225806451613,SUCCESS,0.0564373339227537
2026-07-08,AKSEN.IS,Other,0.8147525398606608,SIDEWAYS_LOW_VOL,40.592741935483865,FAILURE,-0.009460194641694
2026-07-08,AEFES.IS,Other,0.8147525398606608,SIDEWAYS_LOW_VOL,40.592741935483865,FAILURE,-0.0185185701578022
2026-07-08,ALCAR.IS,Other,0.8147525398606608,SIDEWAYS_LOW_VOL,40.592741935483865,FAILURE,-0.0460227272727272
2026-07-08,AHGAZ.IS,Other,0.8147525398606608,SIDEWAYS_LOW_VOL,40.592741935483865,FAILURE,-0.0017260518265498
2026-07-08,AGHOL.IS,Other,0.8147525398606608,SIDEWAYS_LOW_VOL,40.592741935483865,FAILURE,-0.0305755527308703
2026-07-09,ALCTL.IS,Other,0.0,SIDEWAYS_LOW_VOL,40.0483870967742,SUCCESS,0.0137680717136547
2026-07-10,ALCAR.IS,Other,0.9001762571862514,SIDEWAYS_LOW_VOL,43.61693548387099,SUCCESS,0.0553505535055349
2026-07-10,AGESA.IS,Other,0.9001762571862514,SIDEWAYS_LOW_VOL,43.61693548387099,FAILURE,-0.0054968416564812
2026-07-10,AEFES.IS,Other,0.9001762571862514,SIDEWAYS_LOW_VOL,43.61693548387099,SUCCESS,0.0380517521480172
2026-07-10,AKSEN.IS,Other,0.9001762571862514,SIDEWAYS_LOW_VOL,43.61693548387099,SUCCESS,0.0296255071692428
2026-07-10,AGYO.IS,Other,0.9001762571862514,SIDEWAYS_LOW_VOL,43.61693548387099,FAILURE,-0.0216285080669501
2026-07-13,AGESA.IS,Other,1.0,SIDEWAYS_LOW_VOL,41.6209677419355,FAILURE,-0.0114795790105233
2026-07-13,AEFES.IS,Other,1.0,SIDEWAYS_LOW_VOL,41.6209677419355,FAILURE,-0.0185727848372677
2026-07-13,AKSEN.IS,Other,1.0,SIDEWAYS_LOW_VOL,41.6209677419355,PENDING,0.0
2026-07-13,ACSEL.IS,Other,1.0,SIDEWAYS_LOW_VOL,41.6209677419355,FAILURE,-0.0152788395206618
2026-07-13,ALGYO.IS,Other,1.0,SIDEWAYS_LOW_VOL,41.6209677419355,SUCCESS,0.0201149232353838
2026-07-14,ADESE.IS,Other,0.3183509140872158,SIDEWAYS_LOW_VOL,47.79032258064516,SUCCESS,0.011111167036458
2026-07-16,ADGYO.IS,Other,0.8572180943371749,SIDEWAYS_LOW_VOL,72.8306451612903,PARTIAL_SUCCESS,0.0099601592111753
2026-07-16,AGHOL.IS,Other,0.8572180943371749,SIDEWAYS_LOW_VOL,72.8306451612903,SUCCESS,0.0365853899649966
2026-07-16,AEFES.IS,Other,0.8572180943371749,SIDEWAYS_LOW_VOL,72.8306451612903,SUCCESS,0.0369630246852066
2026-07-16,AKFYE.IS,Other,0.8572180943371749,SIDEWAYS_LOW_VOL,72.8306451612903,SUCCESS,0.0269360009883534
2026-07-16,ALKA.IS,Other,0.8572180943371749,SIDEWAYS_LOW_VOL,72.8306451612903,SUCCESS,0.0201117663700332
2026-07-17,AKBNK.IS,Other,1.0,SIDEWAYS_LOW_VOL,61.76209677419353,FAILURE,-0.0306122233357382
2026-07-17,AKFYE.IS,Other,1.0,SIDEWAYS_LOW_VOL,61.76209677419353,SUCCESS,0.0524590453547968
2026-07-17,AHGAZ.IS,Other,1.0,SIDEWAYS_LOW_VOL,61.76209677419353,FAILURE,-0.0364439439629205
2026-07-17,AGYO.IS,Other,1.0,SIDEWAYS_LOW_VOL,61.76209677419353,PENDING,0.0
2026-07-17,ADGYO.IS,Other,1.0,SIDEWAYS_LOW_VOL,61.76209677419353,FAILURE,-0.0138067209547487
2026-07-20,AKSEN.IS,Other,0.7250652270184569,SIDEWAYS_LOW_VOL,72.2258064516129,PENDING,0.0
2026-07-20,ALCTL.IS,Other,0.7250652270184569,SIDEWAYS_LOW_VOL,72.2258064516129,SUCCESS,0.0539281376038032
2026-07-20,AKSUE.IS,Other,0.7250652270184569,SIDEWAYS_LOW_VOL,72.2258064516129,SUCCESS,0.0569216781472383
2026-07-20,AKFYE.IS,Other,0.3427225193576587,SIDEWAYS_LOW_VOL,72.2258064516129,SUCCESS,0.0996884515389362
2026-07-20,ADESE.IS,Other,0.3427225193576587,SIDEWAYS_LOW_VOL,72.2258064516129,PENDING,0.0
2026-07-21,AKSA.IS,Other,1.0,SIDEWAYS_LOW_VOL,65.33064516129032,FAILURE,-0.0460683015628744
2026-07-21,ALCTL.IS,Other,1.0,SIDEWAYS_LOW_VOL,65.33064516129032,SUCCESS,0.0322172504510884
2026-07-21,AKSUE.IS,Other,1.0,SIDEWAYS_LOW_VOL,65.33064516129032,FAILURE,-0.0305902245790109
2026-07-21,AKFGY.IS,Other,1.0,SIDEWAYS_LOW_VOL,65.33064516129032,FAILURE,-0.0036101048852397
2026-07-21,AKGRT.IS,Other,0.5489732229216777,SIDEWAYS_LOW_VOL,65.33064516129032,PARTIAL_SUCCESS,0.0084985755334041
2026-07-22,AKSA.IS,Other,0.9191114642782676,SIDEWAYS_LOW_VOL,73.19354838709677,FAILURE,-0.003330554628703
2026-07-22,ALCTL.IS,Other,0.9191114642782676,SIDEWAYS_LOW_VOL,73.19354838709677,SUCCESS,0.0305997563449578
2026-07-22,AGHOL.IS,Other,0.9191114642782676,SIDEWAYS_LOW_VOL,73.19354838709677,FAILURE,-0.010844779057835
2026-07-22,AKSUE.IS,Other,0.9191114642782676,SIDEWAYS_LOW_VOL,73.19354838709677,SUCCESS,0.0186666700575086
2026-07-22,AEFES.IS,Other,0.4293733500701871,SIDEWAYS_LOW_VOL,73.19354838709677,FAILURE,-0.0053956354820021
2026-07-23,AEFES.IS,Other,0.8142148890363743,SIDEWAYS_LOW_VOL,55.83467741935485,FAILURE,-0.0262206103843056
2026-07-23,ALCTL.IS,Other,0.8142148890363743,SIDEWAYS_LOW_VOL,55.83467741935485,SUCCESS,0.023159200098729
2026-07-23,AGHOL.IS,Other,0.8142148890363743,SIDEWAYS_LOW_VOL,55.83467741935485,FAILURE,-0.0046162679779716
2026-07-23,AKSA.IS,Other,0.8142148890363743,SIDEWAYS_LOW_VOL,55.83467741935485,PARTIAL_SUCCESS,0.0033416842907854
2026-07-23,AGESA.IS,Other,0.8142148890363743,SIDEWAYS_LOW_VOL,55.83467741935485,FAILURE,-0.026639344262295
2026-07-24,AKSA.IS,Other,0.4940338168642593,SIDEWAYS_LOW_VOL,56.50000000000001,PARTIAL_SUCCESS,0.003330554628703
2026-07-24,AEFES.IS,Other,0.4940338168642593,SIDEWAYS_LOW_VOL,56.50000000000001,FAILURE,-0.026926731959263
2026-07-24,AKSGY.IS,Other,0.4940338168642593,SIDEWAYS_LOW_VOL,56.50000000000001,FAILURE,-0.0178384135422157
2026-07-24,AGESA.IS,Other,0.4940338168642593,SIDEWAYS_LOW_VOL,56.50000000000001,PARTIAL_SUCCESS,0.0071578818873354
2026-07-24,AGHOL.IS,Other,0.4940338168642593,SIDEWAYS_LOW_VOL,56.50000000000001,FAILURE,-0.017391260119452
2026-07-27,AKSA.IS,Other,0.8193190551548514,SIDEWAYS_LOW_VOL,45.97580645161291,SUCCESS,0.0323650940643389
2026-07-27,AKBNK.IS,Other,0.8193190551548514,SIDEWAYS_LOW_VOL,45.97580645161291,FAILURE,-0.0170118572756944
2026-07-27,ADGYO.IS,Other,0.8193190551548514,SIDEWAYS_LOW_VOL,45.97580645161291,FAILURE,-0.0446767783705787
2026-07-27,ALCTL.IS,Other,0.8193190551548514,SIDEWAYS_LOW_VOL,45.97580645161291,FAILURE,-0.0504298169155175
2026-07-27,AKSGY.IS,Other,0.8193190551548514,SIDEWAYS_LOW_VOL,45.97580645161291,FAILURE,-0.0181624019796485
2026-07-28,AGHOL.IS,Other,0.4151813594488951,SIDEWAYS_LOW_VOL,44.70564516129033,PARTIAL_SUCCESS,0.0064403167940818
2026-07-29,ACSEL.IS,Other,0.9128272886256068,SIDEWAYS_LOW_VOL,39.38306451612903,PARTIAL_SUCCESS,0.0099337493205862
2026-07-29,ADGYO.IS,Other,0.9128272886256068,SIDEWAYS_LOW_VOL,39.38306451612903,FAILURE,-0.0027999877929687
2026-07-29,AKBNK.IS,Other,0.9128272886256068,SIDEWAYS_LOW_VOL,39.38306451612903,FAILURE,-0.0379939771846329
2026-07-29,ADEL.IS,Other,0.9128272886256068,SIDEWAYS_LOW_VOL,39.38306451612903,FAILURE,-0.0204081765052663
2026-07-29,AFYON.IS,Other,0.9128272886256068,SIDEWAYS_LOW_VOL,39.38306451612903,FAILURE,-0.0137763431273779
2026-07-30,AKBNK.IS,Other,0.2296665611333728,SIDEWAYS_LOW_VOL,39.2016129032258,FAILURE,-0.0268562525028303
2026-08-03,ALBRK.IS,Other,0.6905877357463689,SIDEWAYS_LOW_VOL,46.45967741935485,SUCCESS,0.0100628837264651
2026-08-03,ALARK.IS,Other,0.6905877357463689,SIDEWAYS_LOW_VOL,46.45967741935485,SUCCESS,0.0198216052502937
2026-08-03,AKMGY.IS,Other,0.6905877357463689,SIDEWAYS_LOW_VOL,46.45967741935485,SUCCESS,0.0537261385740157
2026-08-03,AKSUE.IS,Other,0.6905877357463689,SIDEWAYS_LOW_VOL,46.45967741935485,FAILURE,-0.0412147022574898
2026-08-03,AKBNK.IS,Other,0.6905877357463689,SIDEWAYS_LOW_VOL,46.45967741935485,SUCCESS,0.0714285979686737
2026-08-04,ADEL.IS,Other,0.8963647957499135,SIDEWAYS_LOW_VOL,58.49596774193549,SUCCESS,0.0256945034052133
2026-08-04,ALARK.IS,Other,0.8963647957499135,SIDEWAYS_LOW_VOL,58.49596774193549,PARTIAL_SUCCESS,0.0097181728393707
2026-08-04,ADGYO.IS,Other,0.8963647957499135,SIDEWAYS_LOW_VOL,58.49596774193549,SUCCESS,0.0996635350484123
2026-08-04,AKSGY.IS,Other,0.8963647957499135,SIDEWAYS_LOW_VOL,58.49596774193549,PARTIAL_SUCCESS,0.0062499441206476
2026-08-04,AKCNS.IS,Other,0.8963647957499135,SIDEWAYS_LOW_VOL,58.49596774193549,PARTIAL_SUCCESS,0.0050825790648902
2026-08-05,ALKA.IS,Other,1.0,SIDEWAYS_LOW_VOL,63.092741935483865,FAILURE,-0.0122698690154593
2026-08-05,ADEL.IS,Other,1.0,SIDEWAYS_LOW_VOL,63.092741935483865,FAILURE,-0.0006770635458294
2026-08-05,AKCNS.IS,Other,1.0,SIDEWAYS_LOW_VOL,63.092741935483865,FAILURE,-0.011377989521784
2026-08-05,ALARK.IS,Other,1.0,SIDEWAYS_LOW_VOL,63.092741935483865,FAILURE,-0.0269490183891902
2026-08-05,AKMGY.IS,Other,1.0,SIDEWAYS_LOW_VOL,63.092741935483865,FAILURE,-0.0053519226100836
2026-08-06,AKSUE.IS,Other,0.1576827776106439,SIDEWAYS_LOW_VOL,67.6290322580645,FAILURE,-0.0522677798881742
2026-08-07,AGESA.IS,Other,0.3268425956199065,SIDEWAYS_LOW_VOL,72.10483870967742,FAILURE,-0.0113112567354897
2026-08-10,AKSGY.IS,Other,0.3069996510866673,SIDEWAYS_LOW_VOL,66.23790322580643,FAILURE,-0.0030581738391689
2026-08-11,ALARK.IS,Other,0.2212763848181628,SIDEWAYS_LOW_VOL,58.70784457478005,FAILURE,-0.0214953556239047
2026-08-12,AKFGY.IS,Other,0.2057146959392905,SIDEWAYS_LOW_VOL,62.46297653958944,FAILURE,-0.0074906293464507
2026-01-07,AKGRT.IS,Other,0.8465477377176285,SIDEWAYS_LOW_VOL,71.68145161290322,FAILURE,-0.0158272891649009
2026-01-07,AKBNK.IS,Other,0.8465477377176285,SIDEWAYS_LOW_VOL,71.68145161290322,FAILURE,-0.0282257774330939
2026-01-07,AKSUE.IS,Other,0.8465477377176285,SIDEWAYS_LOW_VOL,71.68145161290322,FAILURE,-0.019425717309672
2026-01-21,AFYON.IS,Other,0.7514998576246877,SIDEWAYS_LOW_VOL,83.23387096774194,SUCCESS,0.0139808142647444
2026-01-21,ALBRK.IS,Other,0.7514998576246877,SIDEWAYS_LOW_VOL,83.23387096774194,PARTIAL_SUCCESS,0.0023781776568538
2026-01-21,AEFES.IS,Other,0.7514998576246877,SIDEWAYS_LOW_VOL,83.23387096774194,FAILURE,-0.0117028422699582
2026-01-22,AKSEN.IS,Other,0.9381510299763518,SIDEWAYS_LOW_VOL,85.95564516129032,FAILURE,-0.0021276812181405
2026-01-22,AGHOL.IS,Other,0.9381510299763518,SIDEWAYS_LOW_VOL,85.95564516129032,SUCCESS,0.0130841745672101
2026-01-22,ALFAS.IS,Other,0.9381510299763518,SIDEWAYS_LOW_VOL,85.95564516129032,SUCCESS,0.0200097536355283
2026-01-23,A1CAP.IS,Other,1.0,SIDEWAYS_LOW_VOL,86.68145161290323,SUCCESS,0.0456620557167875
2026-01-23,AKCNS.IS,Other,1.0,SIDEWAYS_LOW_VOL,86.68145161290323,SUCCESS,0.0298034011466981
2026-01-23,AKBNK.IS,Other,1.0,SIDEWAYS_LOW_VOL,86.68145161290323,SUCCESS,0.0134960798913359
2026-01-26,AGHOL.IS,Other,1.0,SIDEWAYS_LOW_VOL,81.47983870967742,SUCCESS,0.0172414218344676
2026-01-26,AKMGY.IS,Other,1.0,SIDEWAYS_LOW_VOL,81.47983870967742,PARTIAL_SUCCESS,0.0099291669507455
2026-01-26,ALBRK.IS,Other,1.0,SIDEWAYS_LOW_VOL,81.47983870967742,SUCCESS,0.0201421927782394
2026-01-27,ALCTL.IS,Other,1.0,SIDEWAYS_LOW_VOL,81.72177419354837,SUCCESS,0.0327992951394182
2026-01-27,ALBRK.IS,Other,1.0,SIDEWAYS_LOW_VOL,81.72177419354837,PARTIAL_SUCCESS,0.0011614677402704
2026-01-27,AKSA.IS,Other,1.0,SIDEWAYS_LOW_VOL,81.72177419354837,FAILURE,-0.0241186991363541
2026-01-28,ALBRK.IS,Other,1.0,SIDEWAYS_LOW_VOL,84.2016129032258,SUCCESS,0.0150812220921174
2026-01-28,AGHOL.IS,Other,1.0,SIDEWAYS_LOW_VOL,84.2016129032258,SUCCESS,0.0325352209643947
2026-01-28,AHGAZ.IS,Other,1.0,SIDEWAYS_LOW_VOL,84.2016129032258,FAILURE,-0.0116009720544665
2026-01-29,AGHOL.IS,Other,1.0,SIDEWAYS_LOW_VOL,73.85887096774194,SUCCESS,0.0107015641166254
2026-01-29,AKMGY.IS,Other,1.0,SIDEWAYS_LOW_VOL,73.85887096774194,FAILURE,-0.0151515093787386
2026-01-29,AKSA.IS,Other,1.0,SIDEWAYS_LOW_VOL,73.85887096774194,SUCCESS,0.0151515483212119
2026-01-30,AGYO.IS,Other,1.0,SIDEWAYS_LOW_VOL,66.6008064516129,FAILURE,-0.0117187080419768
2026-01-30,A1CAP.IS,Other,1.0,SIDEWAYS_LOW_VOL,66.6008064516129,SUCCESS,0.0247823093098542
2026-01-30,AKYHO.IS,Other,1.0,SIDEWAYS_LOW_VOL,66.6008064516129,FAILURE,-0.0239726609015096
2026-02-02,AKCNS.IS,Other,1.0,SIDEWAYS_LOW_VOL,64.96774193548389,PARTIAL_SUCCESS,0.001544775962722
2026-02-02,AEFES.IS,Other,1.0,SIDEWAYS_LOW_VOL,64.96774193548389,SUCCESS,0.0223841879903761
2026-02-02,ALCAR.IS,Other,1.0,SIDEWAYS_LOW_VOL,64.96774193548389,FAILURE,-0.0146892655367231
2026-02-02,ALBRK.IS,Other,1.0,SIDEWAYS_LOW_VOL,64.96774193548389,FAILURE,-0.0248917271565796
2026-02-02,AGHOL.IS,Other,1.0,SIDEWAYS_LOW_VOL,64.96774193548389,FAILURE,-0.0217142377580915
2026-02-03,AGHOL.IS,Other,0.8154273401148814,SIDEWAYS_LOW_VOL,73.01209677419352,SUCCESS,0.0251167276138055
2026-02-03,ALARK.IS,Other,0.8154273401148814,SIDEWAYS_LOW_VOL,73.01209677419352,SUCCESS,0.0409913761660192
2026-02-03,AKCNS.IS,Other,0.8154273401148814,SIDEWAYS_LOW_VOL,73.01209677419352,FAILURE,-0.0128534885356386
2026-02-04,ACSEL.IS,Other,0.8220000718069597,SIDEWAYS_LOW_VOL,74.16129032258063,SUCCESS,0.0164729130611245
2026-02-04,AKENR.IS,Other,0.8220000718069597,SIDEWAYS_LOW_VOL,74.16129032258063,SUCCESS,0.0146118584656711
2026-02-04,AFYON.IS,Other,0.8220000718069597,SIDEWAYS_LOW_VOL,74.16129032258063,FAILURE,-0.004758630531704
2026-02-05,AKCNS.IS,Other,0.8564592200560339,SIDEWAYS_LOW_VOL,63.8185483870968,SUCCESS,0.0247368210934091
2026-02-05,ALARK.IS,Other,0.8564592200560339,SIDEWAYS_LOW_VOL,63.8185483870968,PARTIAL_SUCCESS,0.0063521288295995
2026-02-05,AGHOL.IS,Other,0.8564592200560339,SIDEWAYS_LOW_VOL,63.8185483870968,FAILURE,-0.0177041383146903
2026-02-06,ADESE.IS,Other,1.0,SIDEWAYS_LOW_VOL,63.939516129032285,SUCCESS,0.0172413633637984
2026-02-06,ALCAR.IS,Other,1.0,SIDEWAYS_LOW_VOL,63.939516129032285,PARTIAL_SUCCESS,0.0085421412300683
2026-02-06,AKFYE.IS,Other,1.0,SIDEWAYS_LOW_VOL,63.939516129032285,FAILURE,-0.0717072835782679
2026-02-09,ADESE.IS,Other,1.0,SIDEWAYS_LOW_VOL,80.57258064516127,PARTIAL_SUCCESS,0.0084746695907291
2026-02-09,AKENR.IS,Other,1.0,SIDEWAYS_LOW_VOL,80.57258064516127,SUCCESS,0.0180669167527585
2026-02-09,ACSEL.IS,Other,1.0,SIDEWAYS_LOW_VOL,80.57258064516127,SUCCESS,0.0438675170971525
2026-02-10,ALCAR.IS,Other,1.0,SIDEWAYS_LOW_VOL,80.27016129032258,PARTIAL_SUCCESS,0.003867403314917
2026-02-10,ACSEL.IS,Other,1.0,SIDEWAYS_LOW_VOL,80.27016129032258,FAILURE,-0.0325900126251432
2026-02-10,A1CAP.IS,Other,1.0,SIDEWAYS_LOW_VOL,80.27016129032258,SUCCESS,0.0242718221869557
2026-02-11,ADESE.IS,Other,1.0,SIDEWAYS_LOW_VOL,73.61693548387098,FAILURE,-0.0247934625233592
2026-02-11,ALCAR.IS,Other,1.0,SIDEWAYS_LOW_VOL,73.61693548387098,PARTIAL_SUCCESS,0.0071546505228399
2026-02-11,AKCNS.IS,Other,1.0,SIDEWAYS_LOW_VOL,73.61693548387098,SUCCESS,0.0164568722038005
2026-02-12,AHGAZ.IS,Other,1.0,SIDEWAYS_LOW_VOL,88.25403225806451,FAILURE,-0.0070588354970894
2026-02-12,ACSEL.IS,Other,1.0,SIDEWAYS_LOW_VOL,88.25403225806451,PARTIAL_SUCCESS,0.009883184581851
2026-02-12,AKSUE.IS,Other,1.0,SIDEWAYS_LOW_VOL,88.25403225806451,FAILURE,-0.0044247955655664
2026-02-13,AKSUE.IS,Other,1.0,SIDEWAYS_LOW_VOL,89.04032258064517,PARTIAL_SUCCESS,0.0062221950954861
2026-02-13,AHGAZ.IS,Other,1.0,SIDEWAYS_LOW_VOL,89.04032258064517,FAILURE,-0.0126382187472786
2026-02-13,AKSA.IS,Other,1.0,SIDEWAYS_LOW_VOL,89.04032258064517,PARTIAL_SUCCESS,0.0026906791693221
2026-02-16,AKMGY.IS,Other,0.8971514673208023,SIDEWAYS_LOW_VOL,88.7983870967742,FAILURE,-0.0022573150215784
2026-02-16,AKFGY.IS,Other,0.8971514673208023,SIDEWAYS_LOW_VOL,88.7983870967742,SUCCESS,0.0167785073812951
2026-02-16,A1CAP.IS,Other,0.8971514673208023,SIDEWAYS_LOW_VOL,88.7983870967742,SUCCESS,0.0454545454545454
2026-02-17,AKFGY.IS,Other,1.0,SIDEWAYS_LOW_VOL,86.86290322580645,PARTIAL_SUCCESS,0.0033003269167262
2026-02-17,AKBNK.IS,Other,1.0,SIDEWAYS_LOW_VOL,86.86290322580645,FAILURE,-0.0067039166107061
2026-02-17,AKSUE.IS,Other,1.0,SIDEWAYS_LOW_VOL,86.86290322580645,FAILURE,-0.0181190712150319
2026-02-18,AKBNK.IS,Other,0.9030072621145228,SIDEWAYS_LOW_VOL,80.87499999999997,SUCCESS,0.0179977960111024
2026-02-18,AFYON.IS,Other,0.9030072621145228,SIDEWAYS_LOW_VOL,80.87499999999997,FAILURE,-0.0066181120436185
2026-02-18,AKSUE.IS,Other,0.9030072621145228,SIDEWAYS_LOW_VOL,80.87499999999997,FAILURE,-0.0087873796541382
2026-03-10,AKFYE.IS,Other,0.821353093731828,SIDEWAYS_LOW_VOL,76.03629032258064,SUCCESS,0.0187192651427043
2026-03-10,AGESA.IS,Other,0.821353093731828,SIDEWAYS_LOW_VOL,76.03629032258064,SUCCESS,0.0309523786302188
2026-03-10,AKSUE.IS,Other,0.821353093731828,SIDEWAYS_LOW_VOL,76.03629032258064,SUCCESS,0.0637509729386955
2026-03-11,AKGRT.IS,Other,1.0,SIDEWAYS_LOW_VOL,73.61693548387096,PARTIAL_SUCCESS,0.0091863743717419
2026-03-11,AFYON.IS,Other,1.0,SIDEWAYS_LOW_VOL,73.61693548387096,PARTIAL_SUCCESS,0.0038070674018213
2026-03-11,AEFES.IS,Other,1.0,SIDEWAYS_LOW_VOL,73.61693548387096,FAILURE,-0.0073946999453873
2026-03-12,AKSA.IS,Other,1.0,SIDEWAYS_LOW_VOL,67.74999999999999,SUCCESS,0.0524781543302865
2026-03-12,AKGRT.IS,Other,1.0,SIDEWAYS_LOW_VOL,67.74999999999999,SUCCESS,0.013003888672104
2026-03-12,AGYO.IS,Other,1.0,SIDEWAYS_LOW_VOL,67.74999999999999,SUCCESS,0.0727497136331101
2026-03-12,AKSGY.IS,Other,1.0,SIDEWAYS_LOW_VOL,67.74999999999999,PARTIAL_SUCCESS,0.0047338028536276
2026-03-12,AKYHO.IS,Other,1.0,SIDEWAYS_LOW_VOL,67.74999999999999,FAILURE,-0.0257352693038621
2026-03-13,AKFYE.IS,Other,1.0,SIDEWAYS_LOW_VOL,72.58870967741935,SUCCESS,0.0521653288317902
2026-03-13,AKBNK.IS,Other,1.0,SIDEWAYS_LOW_VOL,72.58870967741935,FAILURE,-0.0422442260005022
2026-03-13,AKSA.IS,Other,1.0,SIDEWAYS_LOW_VOL,72.58870967741935,FAILURE,-0.0009233630908876
2026-03-16,AFYON.IS,Other,0.8934468523173705,SIDEWAYS_LOW_VOL,66.05645161290322,SUCCESS,0.0546682446206774
2026-03-16,AKFYE.IS,Other,0.8934468523173705,SIDEWAYS_LOW_VOL,66.05645161290322,FAILURE,-0.0112254340757211
2026-03-16,AHGAZ.IS,Other,0.8934468523173705,SIDEWAYS_LOW_VOL,66.05645161290322,FAILURE,-0.0340908569889449
2026-03-23,AKMGY.IS,Other,0.8283448588481966,SIDEWAYS_LOW_VOL,56.56048387096775,SUCCESS,0.0998643936106533
2026-03-23,ADEL.IS,Other,0.8283448588481966,SIDEWAYS_LOW_VOL,56.56048387096775,PARTIAL_SUCCESS,0.0047337234030666
2026-03-23,ACSEL.IS,Other,0.8283448588481966,SIDEWAYS_LOW_VOL,56.56048387096775,SUCCESS,0.0262645609736296
2026-03-24,AHGAZ.IS,Other,1.0,SIDEWAYS_LOW_VOL,58.37500000000001,FAILURE,-0.0035587155398176
2026-03-24,AKMGY.IS,Other,1.0,SIDEWAYS_LOW_VOL,58.37500000000001,SUCCESS,0.0979869472750181
2026-03-24,ALGYO.IS,Other,1.0,SIDEWAYS_LOW_VOL,58.37500000000001,FAILURE,-0.0021186102185623
2026-03-25,ALGYO.IS,Other,0.9816636243806004,SIDEWAYS_LOW_VOL,50.330645161290334,SUCCESS,0.0552016305275615
2026-03-25,ALCTL.IS,Other,0.9816636243806004,SIDEWAYS_LOW_VOL,50.330645161290334,SUCCESS,0.0418279910239083
2026-03-25,ACSEL.IS,Other,0.9816636243806004,SIDEWAYS_LOW_VOL,50.330645161290334,FAILURE,-0.0130841264100832
2026-03-26,AKSA.IS,Other,0.8998609588834875,SIDEWAYS_LOW_VOL,51.29838709677419,SUCCESS,0.0407029538126348
2026-03-26,AKFYE.IS,Other,0.8998609588834875,SIDEWAYS_LOW_VOL,51.29838709677419,FAILURE,-0.068499504942575
2026-03-26,ALGYO.IS,Other,0.8998609588834875,SIDEWAYS_LOW_VOL,51.29838709677419,SUCCESS,0.0603621769273412
2026-03-27,AKSGY.IS,Other,0.7782545036770098,SIDEWAYS_LOW_VOL,44.82661290322583,PARTIAL_SUCCESS,0.0079635780133144
2026-03-27,AKFGY.IS,Other,0.7782545036770098,SIDEWAYS_LOW_VOL,44.82661290322583,FAILURE,-0.0620689864958079
2026-03-27,ALBRK.IS,Other,0.7782545036770098,SIDEWAYS_LOW_VOL,44.82661290322583,PARTIAL_SUCCESS,0.0037082482181034
2026-03-30,AGESA.IS,Other,0.8938709048378508,SIDEWAYS_LOW_VOL,48.697580645161295,PARTIAL_SUCCESS,0.0092421444381218
2026-03-30,AKENR.IS,Other,0.8938709048378508,SIDEWAYS_LOW_VOL,48.697580645161295,SUCCESS,0.0392156475718499
2026-03-30,AKFGY.IS,Other,0.8938709048378508,SIDEWAYS_LOW_VOL,48.697580645161295,FAILURE,-0.0367647580879775
2026-03-31,ALBRK.IS,Other,0.7919864278783533,SIDEWAYS_LOW_VOL,56.07661290322581,SUCCESS,0.0229007433297452
2026-03-31,AKSEN.IS,Other,0.7919864278783533,SIDEWAYS_LOW_VOL,56.07661290322581,FAILURE,-0.020952400328621
2026-03-31,AKFGY.IS,Other,0.7919864278783533,SIDEWAYS_LOW_VOL,56.07661290322581,SUCCESS,0.019084043098801
2026-04-01,AGHOL.IS,Other,0.944920879767839,SIDEWAYS_LOW_VOL,62.00403225806451,SUCCESS,0.024799427544994
2026-04-01,ADEL.IS,Other,0.944920879767839,SIDEWAYS_LOW_VOL,62.00403225806451,SUCCESS,0.0479798383608671
2026-04-01,AKSUE.IS,Other,0.944920879767839,SIDEWAYS_LOW_VOL,62.00403225806451,SUCCESS,0.0111575903563176
2026-04-02,ALFAS.IS,Other,1.0,SIDEWAYS_LOW_VOL,63.33467741935481,SUCCESS,0.0118854300720763
2026-04-02,AGYO.IS,Other,1.0,SIDEWAYS_LOW_VOL,63.33467741935481,SUCCESS,0.0427135868038313
2026-04-02,AKMGY.IS,Other,1.0,SIDEWAYS_LOW_VOL,63.33467741935481,PENDING,0.0
2026-04-03,AKMGY.IS,Other,1.0,SIDEWAYS_LOW_VOL,70.9556451612903,SUCCESS,0.0798165863661117
2026-04-03,ALFAS.IS,Other,1.0,SIDEWAYS_LOW_VOL,70.9556451612903,FAILURE,-0.0037373036057138
2026-04-03,AKGRT.IS,Other,1.0,SIDEWAYS_LOW_VOL,70.9556451612903,FAILURE,-0.0222222016181469
2026-04-06,ALARK.IS,Other,0.9819213447058212,SIDEWAYS_LOW_VOL,74.8266129032258,SUCCESS,0.0224215254307744
2026-04-06,ADESE.IS,Other,0.9819213447058212,SIDEWAYS_LOW_VOL,74.8266129032258,SUCCESS,0.0105263058828846
2026-04-06,AKMGY.IS,Other,0.9819213447058212,SIDEWAYS_LOW_VOL,74.8266129032258,SUCCESS,0.0994051967184745
2026-04-07,ACSEL.IS,Other,1.0,SIDEWAYS_LOW_VOL,57.40725806451614,SUCCESS,0.033802802573907
2026-04-07,AKYHO.IS,Other,1.0,SIDEWAYS_LOW_VOL,57.40725806451614,FAILURE,-0.0271317578731731
2026-04-07,ALCAR.IS,Other,1.0,SIDEWAYS_LOW_VOL,57.40725806451614,FAILURE,-0.0247592847317744
2026-04-08,ADESE.IS,Other,0.8019691883033054,SIDEWAYS_LOW_VOL,70.47177419354838,SUCCESS,0.0322580335043474
2026-04-08,AKYHO.IS,Other,0.8019691883033054,SIDEWAYS_LOW_VOL,70.47177419354838,SUCCESS,0.0398405996065809
2026-04-08,ALCAR.IS,Other,0.8019691883033054,SIDEWAYS_LOW_VOL,70.47177419354838,SUCCESS,0.034555712270804
2026-04-09,ALCTL.IS,Other,1.0,SIDEWAYS_LOW_VOL,73.61693548387098,SUCCESS,0.0531040109616769
2026-04-09,ACSEL.IS,Other,1.0,SIDEWAYS_LOW_VOL,73.61693548387098,FAILURE,-0.0358974098140358
2026-04-09,AKBNK.IS,Other,1.0,SIDEWAYS_LOW_VOL,73.61693548387098,FAILURE,-0.005940553772174
2026-04-10,ALGYO.IS,Other,0.9507589295074844,SIDEWAYS_LOW_VOL,79.12096774193547,FAILURE,-0.0039682857356333
2026-04-10,AKYHO.IS,Other,0.9507589295074844,SIDEWAYS_LOW_VOL,79.12096774193547,SUCCESS,0.0308880945080232
2026-04-10,AKSGY.IS,Other,0.9507589295074844,SIDEWAYS_LOW_VOL,79.12096774193547,SUCCESS,0.0151515923398422
2026-04-13,AKSUE.IS,Other,1.0,SIDEWAYS_LOW_VOL,76.21774193548387,SUCCESS,0.0585670142517571
2026-04-13,ALBRK.IS,Other,1.0,SIDEWAYS_LOW_VOL,76.21774193548387,FAILURE,-0.0067038500504028
2026-04-13,AKBNK.IS,Other,1.0,SIDEWAYS_LOW_VOL,76.21774193548387,FAILURE,-0.0127551017925671
2026-04-14,AGYO.IS,Other,0.8857972477879441,SIDEWAYS_LOW_VOL,80.45161290322581,FAILURE,-0.0333731436457387
2026-04-14,AKBNK.IS,Other,0.8857972477879441,SIDEWAYS_LOW_VOL,80.45161290322581,SUCCESS,0.0135658320628353
2026-04-14,AKCNS.IS,Other,0.8857972477879441,SIDEWAYS_LOW_VOL,80.45161290322581,SUCCESS,0.0152983229065519
2026-04-15,ALCAR.IS,Other,1.0,SIDEWAYS_LOW_VOL,82.4475806451613,SUCCESS,0.0321944809461234
2026-04-15,AKENR.IS,Other,1.0,SIDEWAYS_LOW_VOL,82.4475806451613,PARTIAL_SUCCESS,0.0070140933576485
2026-04-15,AKFGY.IS,Other,1.0,SIDEWAYS_LOW_VOL,82.4475806451613,PARTIAL_SUCCESS,0.0071942378173894
2026-04-16,AKCNS.IS,Other,1.0,SIDEWAYS_LOW_VOL,82.4475806451613,SUCCESS,0.035751235939184
2026-04-16,AGYO.IS,Other,1.0,SIDEWAYS_LOW_VOL,82.4475806451613,PARTIAL_SUCCESS,0.0072727781353574
2026-04-16,ALFAS.IS,Other,1.0,SIDEWAYS_LOW_VOL,82.4475806451613,FAILURE,-0.0107691838191106
2026-04-17,AKYHO.IS,Other,0.8046274930586808,SIDEWAYS_LOW_VOL,87.52822580645162,SUCCESS,0.0188679058554339
2026-04-17,AKSEN.IS,Other,0.8046274930586808,SIDEWAYS_LOW_VOL,87.52822580645162,FAILURE,-0.0159705531620231
2026-04-17,ALFAS.IS,Other,0.8046274930586808,SIDEWAYS_LOW_VOL,87.52822580645162,SUCCESS,0.0378434166713139
2026-04-20,AGYO.IS,Other,0.9224013252943422,SIDEWAYS_LOW_VOL,86.56048387096774,SUCCESS,0.015116180813981
2026-04-20,AKENR.IS,Other,0.9224013252943422,SIDEWAYS_LOW_VOL,86.56048387096774,PARTIAL_SUCCESS,0.0088756603418498
2026-04-20,AKYHO.IS,Other,0.9224013252943422,SIDEWAYS_LOW_VOL,86.56048387096774,SUCCESS,0.0370370010616691
2026-04-21,ADESE.IS,Other,1.0,SIDEWAYS_LOW_VOL,85.89516129032259,FAILURE,-0.0093458964320883
2026-04-21,ALFAS.IS,Other,1.0,SIDEWAYS_LOW_VOL,85.89516129032259,FAILURE,-0.015233388704241
2026-04-21,ALARK.IS,Other,1.0,SIDEWAYS_LOW_VOL,85.89516129032259,FAILURE,-0.0052966100838772
2026-04-28,ALBRK.IS,Other,0.91037034841606,SIDEWAYS_LOW_VOL,52.62903225806451,FAILURE,-0.0333333296794087
2026-04-28,AKSA.IS,Other,0.91037034841606,SIDEWAYS_LOW_VOL,52.62903225806451,FAILURE,-0.0568285879221298
2026-04-28,ADESE.IS,Other,0.91037034841606,SIDEWAYS_LOW_VOL,52.62903225806451,FAILURE,-0.0446428143780451
2026-05-05,AGHOL.IS,Other,0.9373166663350248,SIDEWAYS_LOW_VOL,81.05645161290322,SUCCESS,0.0527307053669654
2026-05-05,ADGYO.IS,Other,0.9373166663350248,SIDEWAYS_LOW_VOL,81.05645161290322,SUCCESS,0.0161427491515946
2026-05-05,AKSUE.IS,Other,0.9373166663350248,SIDEWAYS_LOW_VOL,81.05645161290322,FAILURE,-0.0198284531034483
2026-05-06,ALGYO.IS,Other,1.0,SIDEWAYS_LOW_VOL,86.92338709677419,SUCCESS,0.0730253149442954
2026-05-06,AKENR.IS,Other,1.0,SIDEWAYS_LOW_VOL,86.92338709677419,SUCCESS,0.0297619239092774
2026-05-06,AGHOL.IS,Other,1.0,SIDEWAYS_LOW_VOL,86.92338709677419,SUCCESS,0.0190816747817126
2026-05-07,AKENR.IS,Other,1.0,SIDEWAYS_LOW_VOL,88.85887096774194,SUCCESS,0.0529865303151284
2026-05-07,ALFAS.IS,Other,1.0,SIDEWAYS_LOW_VOL,88.85887096774194,SUCCESS,0.0195804224408051
2026-05-07,ACSEL.IS,Other,1.0,SIDEWAYS_LOW_VOL,88.85887096774194,SUCCESS,0.0381165226338129
2026-05-08,ACSEL.IS,Other,1.0,SIDEWAYS_LOW_VOL,68.51612903225809,FAILURE,-0.0007198765235445
2026-05-08,ALGYO.IS,Other,1.0,SIDEWAYS_LOW_VOL,68.51612903225809,FAILURE,-0.0190735921274177
2026-05-08,ALFAS.IS,Other,1.0,SIDEWAYS_LOW_VOL,68.51612903225809,SUCCESS,0.0617283229225706
2026-05-11,ACSEL.IS,Other,1.0,SIDEWAYS_LOW_VOL,89.16129032258063,PARTIAL_SUCCESS,0.0086455109643961
2026-05-11,AKENR.IS,Other,1.0,SIDEWAYS_LOW_VOL,89.16129032258063,SUCCESS,0.0158069528408861
2026-05-11,AHGAZ.IS,Other,1.0,SIDEWAYS_LOW_VOL,89.16129032258063,SUCCESS,0.0292439253941012
2026-05-12,ALFAS.IS,Other,1.0,SIDEWAYS_LOW_VOL,84.02016129032258,FAILURE,-0.0156708961609498
2026-05-12,AHGAZ.IS,Other,1.0,SIDEWAYS_LOW_VOL,84.02016129032258,SUCCESS,0.0900900353130458
2026-05-12,ALGYO.IS,Other,1.0,SIDEWAYS_LOW_VOL,84.02016129032258,SUCCESS,0.0540935493136054
2026-05-13,AKCNS.IS,Other,1.0,SIDEWAYS_LOW_VOL,61.76209677419354,FAILURE,-0.0097335918994799
2026-05-14,AHGAZ.IS,Other,0.8987955254529285,SIDEWAYS_LOW_VOL,57.52822580645163,FAILURE,-0.0019255284414696
2026-05-14,ACSEL.IS,Other,0.8987955254529285,SIDEWAYS_LOW_VOL,57.52822580645163,FAILURE,-0.0012698218936011
2026-05-14,AKCNS.IS,Other,0.8987955254529285,SIDEWAYS_LOW_VOL,57.52822580645163,PARTIAL_SUCCESS,0.0062079532610601
2026-05-15,ACSEL.IS,Other,0.8290982799945205,SIDEWAYS_LOW_VOL,53.41532258064517,FAILURE,-0.0851875962829086
2026-05-15,ALFAS.IS,Other,0.8290982799945205,SIDEWAYS_LOW_VOL,53.41532258064517,FAILURE,-0.0948970345901866
2026-05-15,AKMGY.IS,Other,0.8290982799945205,SIDEWAYS_LOW_VOL,53.41532258064517,FAILURE,-0.0145914433216099
2026-05-25,AKMGY.IS,Other,0.8633640486472314,SIDEWAYS_LOW_VOL,57.58870967741936,SUCCESS,0.0219561017629881
2026-05-25,ACSEL.IS,Other,0.8633640486472314,SIDEWAYS_LOW_VOL,57.58870967741936,SUCCESS,0.0562075753340298
2026-05-25,AKCNS.IS,Other,0.8633640486472314,SIDEWAYS_LOW_VOL,57.58870967741936,SUCCESS,0.0163627813045366
2026-05-26,ALFAS.IS,Other,1.0,SIDEWAYS_LOW_VOL,49.18145161290322,FAILURE,-0.0289069289653036
2026-05-26,ADGYO.IS,Other,1.0,SIDEWAYS_LOW_VOL,49.18145161290322,FAILURE,-0.0232959839697142
2026-05-26,ALCAR.IS,Other,1.0,SIDEWAYS_LOW_VOL,49.18145161290322,FAILURE,-0.0141891891891892
2026-05-27,AKSA.IS,Other,1.0,SIDEWAYS_LOW_VOL,61.5861660014395,FAILURE,-0.0225269831669063
2026-06-05,ALARK.IS,Other,0.8607044270823098,SIDEWAYS_LOW_VOL,62.20928482627757,FAILURE,-0.0257170970658978
2026-06-09,AKGRT.IS,Other,0.8346018660918348,SIDEWAYS_LOW_VOL,46.822580645161295,FAILURE,-0.0028168987598808
2026-06-09,ALCTL.IS,Other,0.8346018660918348,SIDEWAYS_LOW_VOL,46.822580645161295,FAILURE,-0.0490322974420363
2026-06-12,AEFES.IS,Other,0.8386351077531463,SIDEWAYS_LOW_VOL,48.27419354838711,PARTIAL_SUCCESS,0.008902092546408
2026-06-12,ALCAR.IS,Other,0.8386351077531463,SIDEWAYS_LOW_VOL,48.27419354838711,PARTIAL_SUCCESS,0.0048644892286309
2026-06-12,ADGYO.IS,Other,0.8386351077531463,SIDEWAYS_LOW_VOL,48.27419354838711,SUCCESS,0.0450098458011232
2026-06-15,ADGYO.IS,Other,1.0,SIDEWAYS_LOW_VOL,65.51209677419355,SUCCESS,0.0299625173858038
2026-06-15,AKBNK.IS,Other,1.0,SIDEWAYS_LOW_VOL,65.51209677419355,SUCCESS,0.0571625566542981
2026-01-07,ADEL.IS,Other,0.8465477377176285,SIDEWAYS_LOW_VOL,71.68145161290322,FAILURE,-0.0513660473168395
2026-01-30,ALARK.IS,Other,1.0,SIDEWAYS_LOW_VOL,66.6008064516129,FAILURE,-0.0136986301369863
2026-02-06,AKGRT.IS,Other,1.0,SIDEWAYS_LOW_VOL,63.939516129032285,PARTIAL_SUCCESS,0.002409578750574
2026-02-09,AKCNS.IS,Other,0.9503134955335444,SIDEWAYS_LOW_VOL,80.57258064516127,SUCCESS,0.0655401800102399
2026-03-10,AKSEN.IS,Other,0.821353093731828,SIDEWAYS_LOW_VOL,76.03629032258064,SUCCESS,0.073134351132521
2026-03-12,AFYON.IS,Other,1.0,SIDEWAYS_LOW_VOL,67.74999999999999,SUCCESS,0.0151706470665669
2026-03-25,AGESA.IS,Other,1.0,SIDEWAYS_LOW_VOL,50.330645161290334,SUCCESS,0.0194068454626772
2026-03-27,AKSA.IS,Other,1.0,SIDEWAYS_LOW_VOL,44.82661290322583,FAILURE,-0.0408888908743276
2026-03-30,AKSGY.IS,Other,0.8913916578226276,SIDEWAYS_LOW_VOL,48.697580645161295,FAILURE,-0.0270880111105722
2026-03-30,AKSEN.IS,Other,0.8913916578226276,SIDEWAYS_LOW_VOL,48.697580645161295,SUCCESS,0.0998603586348285
2026-04-03,ALCTL.IS,Other,0.9658374091365092,SIDEWAYS_LOW_VOL,70.9556451612903,FAILURE,-0.0095588459688074
2026-04-07,ADEL.IS,Other,1.0,SIDEWAYS_LOW_VOL,57.40725806451614,FAILURE,-0.0997431448128283
2026-04-07,AKMGY.IS,Other,1.0,SIDEWAYS_LOW_VOL,57.40725806451614,FAILURE,-0.0602781348324422
2026-04-08,AHGAZ.IS,Other,0.925529186432624,SIDEWAYS_LOW_VOL,70.47177419354838,FAILURE,-0.0419111472933556
2026-04-08,AKBNK.IS,Other,0.925529186432624,SIDEWAYS_LOW_VOL,70.47177419354838,SUCCESS,0.0938628158844765
2026-04-08,AKMGY.IS,Other,0.925529186432624,SIDEWAYS_LOW_VOL,70.47177419354838,SUCCESS,0.0123354087694322
2026-04-10,AGHOL.IS,Other,0.9480841755707488,SIDEWAYS_LOW_VOL,79.12096774193547,SUCCESS,0.0612526056214015
2026-04-13,AGHOL.IS,Other,1.0,SIDEWAYS_LOW_VOL,76.21774193548387,FAILURE,-0.0265888356279858
2026-04-14,AKENR.IS,Other,1.0,SIDEWAYS_LOW_VOL,80.45161290322581,SUCCESS,0.011144848830058
2026-04-14,ALBRK.IS,Other,1.0,SIDEWAYS_LOW_VOL,80.45161290322581,SUCCESS,0.0191226198631027
2026-04-28,ALFAS.IS,Other,0.91037034841606,SIDEWAYS_LOW_VOL,52.62903225806451,SUCCESS,0.0109126644354975
2026-04-29,ALARK.IS,Other,1.0,SIDEWAYS_LOW_VOL,56.86290322580646,SUCCESS,0.0109261505559812
2026-04-29,ALFAS.IS,Other,1.0,SIDEWAYS_LOW_VOL,56.86290322580646,PARTIAL_SUCCESS,0.0063788554204406
2026-05-04,AKFGY.IS,Other,1.0,SIDEWAYS_LOW_VOL,53.17338709677419,SUCCESS,0.0175439271606958
2026-05-04,ALFAS.IS,Other,1.0,SIDEWAYS_LOW_VOL,53.17338709677419,FAILURE,-0.0067928817492007
2026-05-25,AKENR.IS,Other,0.8633640486472314,SIDEWAYS_LOW_VOL,57.58870967741936,SUCCESS,0.0486763187845742
2026-05-26,AKENR.IS,Other,1.0,SIDEWAYS_LOW_VOL,49.18145161290322,FAILURE,-0.0016286241469254
2026-05-27,ALFAS.IS,Other,1.0,SIDEWAYS_LOW_VOL,61.5861660014395,PENDING,0.0
2026-05-27,ACSEL.IS,Other,1.0,SIDEWAYS_LOW_VOL,61.5861660014395,PENDING,0.0
2026-05-27,AKENR.IS,Other,1.0,SIDEWAYS_LOW_VOL,61.5861660014395,PENDING,0.0
2026-06-02,AEFES.IS,Other,1.0,SIDEWAYS_LOW_VOL,82.87096774193549,SUCCESS,0.0396702969508953
2026-06-02,ALARK.IS,Other,1.0,SIDEWAYS_LOW_VOL,82.87096774193549,SUCCESS,0.0380009763718336
2026-06-12,AKSA.IS,Other,0.8000553763870206,SIDEWAYS_LOW_VOL,48.27419354838711,SUCCESS,0.0248847460457675
2026-06-15,AKFGY.IS,Other,1.0,SIDEWAYS_LOW_VOL,65.51209677419355,SUCCESS,0.0215827134521682
2026-06-23,AKSGY.IS,Other,0.8870869368729823,SIDEWAYS_LOW_VOL,48.81854838709678,FAILURE,-0.007423186238935
2026-06-29,AKSA.IS,Other,0.8853564991777784,SIDEWAYS_LOW_VOL,44.16129032258065,SUCCESS,0.0137575103901708
2026-07-06,ALCAR.IS,Other,0.8179123112145057,SIDEWAYS_LOW_VOL,54.08064516129034,SUCCESS,0.1
2026-07-10,AKSUE.IS,Other,0.8289003973873955,SIDEWAYS_LOW_VOL,43.61693548387099,FAILURE,-0.0022104837557058
2026-07-13,AKSUE.IS,Other,1.0,SIDEWAYS_LOW_VOL,41.6209677419355,FAILURE,-0.0385466966614215
2026-07-13,AKCNS.IS,Other,1.0,SIDEWAYS_LOW_VOL,41.6209677419355,PARTIAL_SUCCESS,0.0072432763968766
2026-07-17,ALARK.IS,Other,1.0,SIDEWAYS_LOW_VOL,61.76209677419353,PARTIAL_SUCCESS,0.0048030740377416
2026-07-17,AKSUE.IS,Other,1.0,SIDEWAYS_LOW_VOL,61.76209677419353,FAILURE,-0.0108108860458894
2026-01-07,AGHOL.IS,Other,0.8465477377176285,SIDEWAYS_LOW_VOL,71.68145161290322,SUCCESS,0.0158835691757559
2026-01-22,AKSA.IS,Other,0.9381510299763518,SIDEWAYS_LOW_VOL,85.95564516129032,SUCCESS,0.0231156292613781
2026-01-23,AGHOL.IS,Other,1.0,SIDEWAYS_LOW_VOL,86.68145161290323,FAILURE,-0.0012300404355558
2026-01-30,AKFGY.IS,Other,1.0,SIDEWAYS_LOW_VOL,66.6008064516129,FAILURE,-0.0166666507720947
2026-02-06,A1CAP.IS,Other,1.0,SIDEWAYS_LOW_VOL,63.939516129032285,SUCCESS,0.0387097020303048
2026-03-25,AKFYE.IS,Other,0.8970439545438764,SIDEWAYS_LOW_VOL,50.330645161290334,FAILURE,-0.0055607432649511
2026-04-06,AKSEN.IS,Other,0.9747322438595051,SIDEWAYS_LOW_VOL,74.8266129032258,SUCCESS,0.0294305230640545
2026-04-08,AKSEN.IS,Other,0.925529186432624,SIDEWAYS_LOW_VOL,70.47177419354838,SUCCESS,0.0289671961985245
2026-04-08,AKSGY.IS,Other,0.925529186432624,SIDEWAYS_LOW_VOL,70.47177419354838,SUCCESS,0.0383315532512158
2026-04-09,ADGYO.IS,Other,1.0,SIDEWAYS_LOW_VOL,73.61693548387098,SUCCESS,0.0146551461055359
2026-04-10,ALCAR.IS,Other,1.0,SIDEWAYS_LOW_VOL,79.12096774193547,SUCCESS,0.0455801104972375
2026-04-14,ALCAR.IS,Other,1.0,SIDEWAYS_LOW_VOL,80.45161290322581,SUCCESS,0.0180602006688963
2026-04-14,AGHOL.IS,Other,1.0,SIDEWAYS_LOW_VOL,80.45161290322581,SUCCESS,0.0279813504256842
2026-04-16,AHGAZ.IS,Other,1.0,SIDEWAYS_LOW_VOL,82.4475806451613,SUCCESS,0.0340248830640976
2026-05-05,ALFAS.IS,Other,1.0,SIDEWAYS_LOW_VOL,81.05645161290322,SUCCESS,0.0156327119153387
2026-05-06,ACSEL.IS,Other,1.0,SIDEWAYS_LOW_VOL,86.92338709677419,FAILURE,-0.0052044382768935
2026-06-09,AGESA.IS,Other,0.8847696891342238,SIDEWAYS_LOW_VOL,46.822580645161295,SUCCESS,0.037099507440879
2026-06-29,AKSEN.IS,Other,0.8853564991777784,SIDEWAYS_LOW_VOL,44.16129032258065,PARTIAL_SUCCESS,0.0096852671493505
